2.78525e+06 5.68373e+06 
4.18071e+06 7.31852e+06 
1.77768e+06 7.36571e+06 
-424251 5.42921e+06 
-528491 4.10714e+06 
-6.03026e+06 2.70994e+06 
-6.01387e+06 -1.46273e+06 
-3.9287e+06 -1.52357e+06 
-3.01137e+06 -1.48617e+06 
-6.1576e+06 -650322 
-7.14491e+06 -985833 
-5.03059e+06 -1.45662e+06 
-4.34896e+06 -964193 
-3.0248e+06 719491 
-239138 3.42974e+06 
801129 3.5384e+06 
2.93434e+06 6.04875e+06 
4.53449e+06 6.7806e+06 
2.89798e+06 6.72743e+06 
223929 6.24885e+06 
-3.90455e+06 3.53355e+06 
-6.52419e+06 1.44347e+06 
-6.09695e+06 -2.63363e+06 
-3.93194e+06 -2.17513e+06 
-3.9733e+06 -1.56039e+06 
-5.20896e+06 -1.25536e+06 
-7.2185e+06 -1.76691e+06 
-5.2982e+06 -2.02901e+06 
-3.47165e+06 -781121 
-1.60617e+06 2.02985e+06 
-226522 4.18999e+06 
1.55111e+06 4.47538e+06 
3.77337e+06 7.03387e+06 
5.41846e+06 8.30445e+06 
3.05721e+06 8.40818e+06 
2.38907e+06 6.93689e+06 
-7.09512e+06 5.37494e+06 
-7.87891e+06 -1.28768e+06 
-6.56441e+06 -3.67274e+06 
-5.49335e+06 -2.83223e+06 
-4.69975e+06 -3.08655e+06 
-5.54054e+06 -2.50894e+06 
-6.02464e+06 -2.10343e+06 
-4.45081e+06 -1.70583e+06 
-3.0664e+06 -573729 
-892888 2.28201e+06 
293596 4.5064e+06 
2.54714e+06 6.55121e+06 
5.2492e+06 9.93622e+06 
6.82021e+06 9.14067e+06 
3.07417e+06 9.07297e+06 
-2.24847e+06 7.10891e+06 
-6.99437e+06 4.45357e+06 
-7.63497e+06 -5.00638e+06 
-7.94547e+06 -5.15811e+06 
-6.34349e+06 -3.98807e+06 
-5.34504e+06 -3.61107e+06 
-4.53546e+06 -2.21721e+06 
-4.40454e+06 -1.44974e+06 
-3.43606e+06 -374124 
-2.77703e+06 -558572 
-1.68728e+06 2.22311e+06 
795673 5.52168e+06 
3.15106e+06 8.63741e+06 
6.99048e+06 1.41295e+07 
5.94589e+06 1.67166e+07 
2.07414e+06 1.06729e+07 
-6.1552e+06 6.54086e+06 
-7.11192e+06 3.65594e+06 
-1.00206e+07 -5.6866e+06 
-9.18048e+06 -6.20921e+06 
-7.59764e+06 -4.44321e+06 
-6.46117e+06 -3.65834e+06 
-5.60796e+06 -1.59631e+06 
-5.03602e+06 -723505 
-2.16197e+06 1.78263e+06 
-1.86947e+06 2.50126e+06 
-1.31018e+06 2.64512e+06 
1.46711e+06 5.89364e+06 
5.0925e+06 9.73497e+06 
9.33449e+06 1.35788e+07 
6.84642e+06 1.66196e+07 
251257 1.8658e+07 
-6.11481e+06 4.85572e+06 
-7.12203e+06 -2.0677e+06 
-1.04564e+07 -5.75462e+06 
-1.06721e+07 -6.34872e+06 
-9.44602e+06 -6.05231e+06 
-8.32683e+06 -5.31661e+06 
-7.18783e+06 -3.50942e+06 
-4.4291e+06 -484560 
-1.91047e+06 1.82181e+06 
-1.27139e+06 2.64644e+06 
-263294 4.34664e+06 
530016 6.69232e+06 
5.56296e+06 1.05917e+07 
1.02452e+07 1.5122e+07 
8.56093e+06 1.52979e+07 
239255 1.49932e+07 
-1.0179e+07 9.67447e+06 
-6.97426e+06 -3.64055e+06 
-1.36753e+07 -3.64903e+06 
-1.35361e+07 -8.31959e+06 
-1.09512e+07 -7.49192e+06 
-9.78077e+06 -6.6682e+06 
-8.07486e+06 -4.10534e+06 
-5.28880e+06 -696915 
-1.93145e+06 1.11847e+06 
-530434 2.32337e+06 
1.51122e+06 4.14451e+06 
2.91808e+06 7.87049e+06 
6.1885e+06 1.21188e+07 
826371 2.16321e+07 
4.01092e+06 1.5885e+07 
4.3664e+06 1.40342e+07 
-8.64041e+06 1.42039e+07 
-1.75264e+07 1.01168e+07 
-1.37905e+07 -2.14698e+06 
-1.47737e+07 -7.7573e+06 
-1.37814e+07 -9.33506e+06 
-1.2333e+07 -7.494e+06 
-8.89782e+06 -4.47544e+06 
-5.33268e+06 -1.58732e+06 
-3.38999e+06 1.60623e+06 
-560253 3.51832e+06 
2.01634e+06 4.38178e+06 
3.85634e+06 8.32643e+06 
7.6133e+06 1.39352e+07 
1.32986e+06 2.04484e+07 
4.10683e+06 1.04488e+07 
977118 1.30892e+07 
-309808 1.22005e+07 
-1.29835e+07 7.31845e+06 
-1.25299e+07 -647957 
-1.34264e+07 -4.23153e+06 
-1.62025e+07 -7.73904e+06 
-1.23615e+07 -7.57737e+06 
-8.95571e+06 -4.70679e+06 
-7.37075e+06 -2.17428e+06 
-3.393e+06 2.01914e+06 
-342743 5.36118e+06 
-3.74392e+06 1.18433e+07 
2.18378e+06 8.38538e+06 
7.02702e+06 1.51982e+07 
4.91283e+06 1.23422e+07 
5.8288e+06 1.0896e+07 
141396 1.20632e+07 
-1.93109e+06 6.71929e+06 
-1.51994e+06 2.43898e+06 
-5.05432e+06 2.80191e+06 
-1.3416e+07 3.19777e+06 
-1.3417e+07 -5.68991e+06 
-1.16394e+07 -7.56005e+06 
-1.09711e+07 -5.9549e+06 
-9.2262e+06 -3.17441e+06 
-5.35052e+06 1.01877e+06 
-1.95277e+06 3.91362e+06 
962603 5.02608e+06 
2.69093e+06 7.63423e+06 
4.96269e+06 1.2365e+07 
5.53472e+06 1.06246e+07 
7.1951e+06 1.03317e+07 
1.50733e+06 1.31513e+07 
-2.02043e+06 7.58961e+06 
-3.41661e+06 5.64853e+06 
-455083 4.2349e+06 
-1.0497e+07 8.7085e+06 
-3.12706e+07 1.74938e+07 
-1.89307e+07 -9.69626e+06 
-1.646e+07 -8.89993e+06 
-1.09787e+07 -4.83618e+06 
-6.09341e+06 -1.3403e+06 
-2.13901e+06 3.54919e+06 
19857.1 5.15287e+06 
2.49277e+06 5.99525e+06 
3.66663e+06 8.16838e+06 
3.781e+06 7.70233e+06 
5.45491e+06 9.27042e+06 
4.04873e+06 9.12058e+06 
305657 6.39741e+06 
590479 6.38375e+06 
709481 4.08761e+06 
2.16382e+06 8.25297e+06 
-3.19194e+07 1.62587e+07 
-2.11296e+07 -1.02925e+07 
-1.54228e+07 -9.76769e+06 
-1.08682e+07 -5.40984e+06 
-6.11493e+06 -1.61996e+06 
-2.17059e+06 2.04607e+06 
1.15224e+06 4.77756e+06 
763839 6.28628e+06 
2.1276e+06 5.76079e+06 
2.45228e+06 6.43749e+06 
4.19418e+06 7.91264e+06 
4.12092e+06 7.93656e+06 
460758 6.47192e+06 
1.21104e+06 3.6538e+06 
945143 3.88084e+06 
-4.74155e+06 5.77951e+06 
-1.39581e+07 7.08318e+06 
-1.82651e+07 -6.6381e+06 
-1.37296e+07 -7.05632e+06 
-9.78849e+06 -3.74643e+06 
-5.59723e+06 -484525 
-2.02456e+06 1.54328e+06 
-1.99292e+06 3.44073e+06 
-629247 3.84343e+06 
1.96663e+06 4.69977e+06 
2.35009e+06 5.48206e+06 
3.43791e+06 7.28081e+06 
4.15711e+06 8.70142e+06 
2.24546e+06 7.60355e+06 
1.26172e+06 5.37036e+06 
-583202 3.82578e+06 
-4.46749e+06 4.89511e+06 
-8.39974e+06 4.65856e+06 
-1.26561e+07 -3.20822e+06 
-1.15719e+07 -4.98097e+06 
-8.84166e+06 -2.12156e+06 
-4.81254e+06 -369876 
-3.41949e+06 642877 
-2.58676e+06 266643 
-930685 2.59951e+06 
764694 4.35844e+06 
2.65044e+06 5.80028e+06 
3.97621e+06 7.26348e+06 
2.97029e+06 6.8728e+06 
1.4224e+06 5.56506e+06 
19375.6 5.40093e+06 
-2.10555e+06 2.44072e+06 
-3.44818e+06 2.20351e+06 
-3.98096e+06 451771 
-1.00535e+07 104068 
-9.34685e+06 1.77303e+06 
-6.65835e+06 -832059 
-4.7774e+06 -567263 
-4.4934e+06 -2.09177e+06 
-3.20007e+06 -22204.2 
-933277 1.55228e+06 
446604 3.81031e+06 
2.70779e+06 5.7831e+06 
3.70364e+06 7.69856e+06 
1.76096e+06 7.40652e+06 
109592 5.8383e+06 
-236757 4.44917e+06 
-3.91499e+06 1.96086e+06 
-4.53925e+06 397276 
-3.41568e+06 -992788 
-5.50118e+06 -1.43893e+06 
-7.04926e+06 -512230 
-5.59579e+06 -417351 
-4.78514e+06 -579571 
-5.48642e+06 -1.00145e+06 
-3.73021e+06 -1589.31 
-399455 1.94548e+06 
264968 3.40304e+06 
2.6475e+06 6.15252e+06 
3.78904e+06 8.90662e+06 
-2.4124e+06 8.57328e+06 
-1.70468e+06 3.28477e+06 
-2.47881e+06 437744 
-5.85256e+06 470701 
-5.84457e+06 -3.31727e+06 
-4.735e+06 -2.5048e+06 
-3.85762e+06 -1.03491e+06 
-1.96105e+06 1.1745e+06 
-2.51629e+06 2.70506e+06 
-3.33358e+06 2.77429e+06 
-3.47857e+06 -663576 
-3.26794e+06 1.79466e+06 
97504.3 4.11441e+06 
-434307 5.08282e+06 
2.98804e+06 8.41816e+06 
-435731 7.47548e+06 
1.23425e+06 6.74866e+06 
-1.70639e+06 4.05737e+06 
-5.75937e+06 2.1458e+06 
-7.10273e+06 -362636 
-6.5937e+06 -3.82041e+06 
-4.53769e+06 -2.42408e+06 
-4.29012e+06 -1.51608e+06 
-3.23646e+06 1.17435e+06 
-2.88975e+06 1.9211e+06 
-2.93264e+06 1.52666e+06 
-2.72945e+06 -308904 
-1.38595e+06 2.37063e+06 
873378 5.38218e+06 
1.80125e+06 7.04385e+06 
4.26811e+06 8.65459e+06 
-499582 8.25807e+06 
1.11568e+06 8.26885e+06 
1.55075e+06 5.64445e+06 
-1.08032e+07 1.01088e+07 
-9.33876e+06 -4.23545e+06 
-7.27993e+06 -3.72978e+06 
-5.29431e+06 -2.69464e+06 
-4.72873e+06 -2.68472e+06 
-3.98686e+06 -1.15708e+06 
-3.09384e+06 69772.8 
-2.88953e+06 82778.6 
-2.17236e+06 -9586.55 
-826515 2.85321e+06 
2.12588e+06 6.33618e+06 
4.11271e+06 8.87058e+06 
6.39821e+06 1.09724e+07 
2.60102e+06 9.36156e+06 
482275 8.96287e+06 
-2.61227e+06 7.27054e+06 
-1.02834e+07 8.70607e+06 
-9.43557e+06 -6.14253e+06 
-7.93712e+06 -4.72801e+06 
-6.29821e+06 -4.10415e+06 
-4.79135e+06 -3.55652e+06 
-5.39008e+06 -2.73534e+06 
-3.69438e+06 -852920 
-2.60886e+06 406381 
-1.74276e+06 341975 
-673103 2.84471e+06 
2.0145e+06 6.19316e+06 
4.63949e+06 9.61323e+06 
8.75633e+06 1.42477e+07 
5.17537e+06 1.65911e+07 
1.21799e+06 1.04947e+07 
-5.67197e+06 4.47082e+06 
-7.00815e+06 -2.04243e+06 
-8.60032e+06 -5.8322e+06 
-8.61834e+06 -4.57434e+06 
-7.0787e+06 -3.82392e+06 
-8.43759e+06 -4.24228e+06 
-6.95005e+06 -2.95266e+06 
-3.81503e+06 -754511 
-1.56419e+06 1.62543e+06 
-5.84858e+06 5.91106e+06 
-3.91952e+06 2.74607e+06 
1.48549e+06 6.39026e+06 
5.64814e+06 9.92487e+06 
9.02056e+06 1.29149e+07 
6.9626e+06 1.46401e+07 
1.55037e+06 1.18529e+07 
-6.79084e+06 5.62857e+06 
-7.50346e+06 -5.1269e+06 
-8.43084e+06 -6.42878e+06 
-8.57909e+06 -4.57485e+06 
-9.1469e+06 -3.85503e+06 
-9.30429e+06 -5.74512e+06 
-7.1828e+06 -3.27453e+06 
-4.07755e+06 -445779 
-1.36762e+06 1.94019e+06 
-6.91442e+06 7.3261e+06 
-3.81017e+06 3.79886e+06 
666347 6.99223e+06 
5.70671e+06 1.01213e+07 
8.68948e+06 1.26432e+07 
1.00853e+07 1.37823e+07 
5.3009e+06 1.38365e+07 
-8.63786e+06 1.16585e+07 
-7.40627e+06 -3.47274e+06 
-1.01574e+07 -3.80037e+06 
-1.18891e+07 -5.71972e+06 
-1.12672e+07 -6.19109e+06 
-1.04866e+07 -7.13692e+06 
-7.55868e+06 -3.99799e+06 
-4.66352e+06 -699611 
-3.33993e+06 1.00633e+06 
-1.15529e+06 1.93581e+06 
363728 4.73015e+06 
3.34078e+06 7.77618e+06 
6.30383e+06 1.09242e+07 
7.44434e+06 1.21816e+07 
7.63705e+06 1.24241e+07 
9.06579e+06 1.54314e+07 
-6.54892e+06 1.71043e+07 
-6.09456e+06 1.6308e+06 
-2.07531e+07 2.34005e+06 
-2.00722e+07 -8.3758e+06 
-1.34364e+07 -9.75794e+06 
-1.10937e+07 -6.52203e+06 
-7.87662e+06 -4.37623e+06 
-7.21687e+06 -1.5288e+06 
-4.77543e+06 507845 
-1.00648e+06 3.32987e+06 
1.08523e+06 5.74813e+06 
4.17017e+06 8.41615e+06 
7.33323e+06 1.11396e+07 
6.33087e+06 1.05268e+07 
6.8952e+06 1.03158e+07 
7.4636e+06 1.46765e+07 
-1.15586e+07 2.05874e+07 
-7.09911e+06 4.50011e+06 
-1.37105e+07 1.25762e+06 
-1.39976e+07 -4.57775e+06 
-1.43093e+07 -1.00812e+07 
-1.12854e+07 -6.42262e+06 
-9.14931e+06 -4.92108e+06 
-9.00277e+06 -3.25104e+06 
-5.13352e+06 573178 
-873162 5.79413e+06 
87350.5 7.28145e+06 
2.93061e+06 8.85038e+06 
5.87992e+06 1.0757e+07 
6.21396e+06 9.50452e+06 
6.97371e+06 1.1958e+07 
299508 1.67646e+07 
-1.45626e+07 2.47186e+07 
-3.0098e+06 3.26588e+06 
-6.30641e+06 7.77802e+06 
-1.43722e+07 6.45614e+06 
-1.42665e+07 -9.68409e+06 
-1.24935e+07 -4.11206e+06 
-1.22061e+07 -5.35216e+06 
-9.77245e+06 -3.45034e+06 
-5.65909e+06 -147336 
-1.69654e+06 4.66908e+06 
1.93715e+06 6.25803e+06 
3.03031e+06 7.45429e+06 
4.98359e+06 1.17936e+07 
5.59343e+06 8.85272e+06 
5.69118e+06 1.01899e+07 
2.00038e+06 1.01667e+07 
-533425 5.11478e+06 
140153 5.83655e+06 
-144099 7.12696e+06 
-1.29469e+07 7.37245e+06 
-1.48885e+07 7.19194e+06 
-1.49547e+07 -8.24831e+06 
-1.47608e+07 -9.19624e+06 
-1.05349e+07 -5.2879e+06 
-6.1788e+06 -1.2033e+06 
-2.24086e+06 2.73158e+06 
1.74758e+06 6.01604e+06 
2.64968e+06 6.8812e+06 
4.06882e+06 7.85554e+06 
2.76865e+06 7.23756e+06 
5.09374e+06 7.80195e+06 
4.21948e+06 7.78732e+06 
2.53017e+06 5.72007e+06 
1.2646e+06 8.28577e+06 
-429867 7.3857e+06 
-9.00093e+06 6.79242e+06 
-1.437e+07 6.86997e+06 
-1.50188e+07 -7.6975e+06 
-1.4815e+07 -6.54338e+06 
-1.04864e+07 -5.24299e+06 
-6.03729e+06 -1.69485e+06 
-2.2598e+06 2.1747e+06 
982483 4.58577e+06 
1.99658e+06 5.02947e+06 
2.56446e+06 6.02694e+06 
-398731 5.89246e+06 
4.09021e+06 7.19552e+06 
4.99421e+06 8.29207e+06 
-3.08568e+06 1.23543e+07 
-694220 6.73973e+06 
-650311 3.87778e+06 
-9.30568e+06 4.64183e+06 
-1.03541e+07 -632230 
-1.08544e+07 -6.31167e+06 
-1.08321e+07 -3.54338e+06 
-9.59664e+06 -2.54939e+06 
-5.23662e+06 -1.63948e+06 
-2.36399e+06 1.69159e+06 
-299636 3.38544e+06 
462195 4.82695e+06 
-1.37984e+06 4.98135e+06 
-376158 5.13752e+06 
3.81024e+06 7.05201e+06 
4.2955e+06 1.10124e+07 
24702.1 1.08205e+07 
-3.75101e+06 7.49201e+06 
-3.63516e+06 3.65888e+06 
-5.53492e+06 3.86298e+06 
-1.2079e+07 -2.2723e+06 
-9.29272e+06 -3.21958e+06 
-8.01967e+06 -1.182e+06 
-6.92997e+06 481566 
-5.32368e+06 -204413 
-3.92533e+06 597130 
-2.68886e+06 1.94703e+06 
-397629 4.49376e+06 
-3.28423e+06 6.71838e+06 
1.28544e+06 5.79555e+06 
4.03952e+06 8.60507e+06 
840806 7.31596e+06 
1.25903e+06 5.46696e+06 
-2.92371e+06 5.84813e+06 
-3.74028e+06 1.45942e+06 
-5.41648e+06 -189205 
-4.49498e+06 -2.4949e+06 
-5.77263e+06 -420499 
-8.52929e+06 1.81001e+06 
-4.73073e+06 1.09831e+07 
-1.20456e+07 5.45166e+06 
-1.00813e+07 3.37693e+06 
-3.97975e+06 1.17534e+06 
-1.94407e+06 1.67606e+06 
-46478.6 2.68104e+06 
2.52579e+06 5.79613e+06 
4.95846e+06 9.74780e+06 
-1.37182e+06 9.31906e+06 
-736496 3.96666e+06 
-1.88456e+06 1.84455e+06 
-4.39371e+06 1.21554e+06 
-4.78521e+06 -2.47637e+06 
-4.69063e+06 -2.5524e+06 
-3.63426e+06 -1.07479e+06 
-3.21265e+06 1.20769e+06 
-2.94033e+06 6.11113e+06 
-7.58083e+06 3.42452e+06 
-7.5222e+06 548651 
-4.61511e+06 716302 
-1.23029e+06 2.06239e+06 
-398278 2.78384e+06 
1.92798e+06 6.18276e+06 
3.20493e+06 7.05886e+06 
-2.27067e+06 8.14025e+06 
-1.69099e+06 845302 
-4.34978e+06 158226 
-6.59261e+06 -2.06239e+06 
-5.8964e+06 -4.19954e+06 
-5.40169e+06 -3.65266e+06 
-4.02585e+06 -1.05452e+06 
-1.44188e+06 1.44679e+06 
1.07829e+06 3.03177e+06 
-3.92666e+06 5.01396e+06 
-3.36303e+06 860101 
-1.05163e+06 4.48434e+06 
872977 4.83215e+06 
678681 4.08978e+06 
3.35174e+06 9.34038e+06 
-1.90969e+06 7.86751e+06 
-317756 4.17443e+06 
-1.69096e+06 3.64611e+06 
-5.91883e+06 1.86552e+06 
-6.95868e+06 -3.05738e+06 
-6.70527e+06 -4.18819e+06 
-6.04101e+06 -2.67867e+06 
-4.28517e+06 -1.23919e+06 
-2.50892e+06 1.26292e+06 
-991888 3.07883e+06 
-3.99298e+06 5.43097e+06 
-3.89021e+06 579566 
-2.22969e+06 3.42108e+06 
1.76002e+06 5.66691e+06 
2.90351e+06 7.33591e+06 
3.45383e+06 1.76296e+07 
-6.06508e+06 8.59842e+06 
481993 3.64882e+06 
102254 3.29645e+06 
-6.60645e+06 2.70877e+06 
-9.41983e+06 -3.67104e+06 
-7.30539e+06 -4.27055e+06 
-7.22655e+06 -2.91753e+06 
-4.37435e+06 -1.67774e+06 
-4.22176e+06 1.01161e+06 
-2.60736e+06 2.76136e+06 
-1.9185e+06 2.99342e+06 
-1.90286e+06 1.06257e+06 
-655129 2.85219e+06 
2.22687e+06 6.6924e+06 
5.46159e+06 1.03602e+07 
2.58988e+06 1.0473e+07 
624830 1.08844e+07 
131886 4.64827e+06 
-1.34863e+06 2.54684e+06 
-6.43001e+06 1.7129e+06 
-1.33446e+07 257344 
-7.40555e+06 -3.187e+06 
-7.49851e+06 -3.92766e+06 
-7.1019e+06 -454817 
-6.63285e+06 -1.39482e+06 
-4.0214e+06 217720 
-1.57502e+06 523774 
-1.22075e+06 1.10167e+06 
54921.5 3.10239e+06 
2.57537e+06 6.57524e+06 
6.17301e+06 1.02974e+07 
6.19355e+06 1.25683e+07 
2.25191e+06 1.4376e+07 
87389.8 9.06301e+06 
-5.62474e+06 3.54536e+06 
-6.93019e+06 704475 
-7.22871e+06 -4.21485e+06 
-6.60157e+06 -2.74496e+06 
-9.57874e+06 -2.71766e+06 
-8.53711e+06 -4.30909e+06 
-7.73421e+06 -3.61746e+06 
-4.22752e+06 -314371 
-1.30414e+06 1.60576e+06 
-1.02287e+06 1.3758e+06 
43785.4 4.15765e+06 
2.5027e+06 6.71768e+06 
6.06802e+06 9.67068e+06 
7.37821e+06 1.25463e+07 
6.89219e+06 1.39774e+07 
2.58292e+06 1.25664e+07 
-1.03022e+07 7.57982e+06 
-7.45298e+06 -4.55515e+06 
-7.44345e+06 -5.4296e+06 
-6.66938e+06 -2.73427e+06 
-1.08093e+07 -2.80096e+06 
-1.02509e+07 -7.08532e+06 
-7.98778e+06 -3.74436e+06 
-4.23767e+06 -435499 
-2.10162e+06 1.28603e+06 
-1.59677e+06 1.3045e+06 
256236 4.29872e+06 
2.89427e+06 7.91377e+06 
6.60208e+06 9.53798e+06 
8.36688e+06 1.12416e+07 
1.0554e+07 1.37005e+07 
2.21226e+06 1.37045e+07 
-7.77966e+06 1.10409e+07 
-7.40528e+06 -2.50968e+06 
-8.76938e+06 -2.0915e+06 
-1.23681e+07 -4.46357e+06 
-1.24791e+07 -4.35726e+06 
-1.09198e+07 -7.05139e+06 
-8.18137e+06 -3.63946e+06 
-6.0301e+06 -1.24521e+06 
-4.73369e+06 59328.1 
-1.76911e+06 2.31311e+06 
751350 5.61692e+06 
3.96265e+06 7.61671e+06 
6.79903e+06 9.24232e+06 
7.39716e+06 1.11589e+07 
9.71658e+06 1.35046e+07 
7.45332e+06 1.3508e+07 
-4.03373e+06 1.43665e+07 
-4.62308e+06 -886728 
-1.05176e+07 -1.03578e+06 
-1.34591e+07 -5.02558e+06 
-1.3085e+07 -9.76843e+06 
-1.12895e+07 -6.45532e+06 
-8.1594e+06 -4.4393e+06 
-7.59710e+06 -2.80718e+06 
-4.77906e+06 -743554 
-1.36661e+06 3.03784e+06 
1.6922e+06 6.58149e+06 
4.97185e+06 8.60601e+06 
6.91024e+06 9.16508e+06 
3.51786e+06 1.30302e+07 
4.90233e+06 1.06991e+07 
7.87836e+06 1.45179e+07 
-5.04867e+06 1.58561e+07 
-4.41832e+06 58825.7 
-8.65203e+06 -38741.5 
-1.30116e+07 -5.36487e+06 
-1.27721e+07 -1.00222e+07 
-1.09103e+07 -6.4143e+06 
-9.33457e+06 -5.03692e+06 
-8.52328e+06 -4.23228e+06 
-5.15906e+06 -474880 
-1.05859e+06 4.06511e+06 
2.50338e+06 6.69948e+06 
4.9103e+06 9.73979e+06 
5.31438e+06 1.39533e+07 
2.96761e+06 1.2673e+07 
4.90515e+06 1.03296e+07 
5.01348e+06 1.60922e+07 
-1.0131e+07 1.96268e+07 
-3.61171e+06 3.26634e+06 
-8.76334e+06 1.39053e+07 
-1.68846e+07 8.85119e+06 
-1.2992e+07 -9.38172e+06 
-1.23697e+07 -7.18184e+06 
-1.15663e+07 -6.92358e+06 
-9.62080e+06 -4.6773e+06 
-5.4182e+06 -576395 
-1.51926e+06 4.03516e+06 
1.59848e+06 6.55065e+06 
4.57186e+06 8.98785e+06 
6.62298e+06 1.41593e+07 
4.9173e+06 8.18741e+06 
5.79158e+06 8.66864e+06 
4.17821e+06 8.99724e+06 
-265764 5.7853e+06 
55301.2 4.33194e+06 
534679 7.35827e+06 
-1.51582e+07 7.40811e+06 
-1.31432e+07 -8.07783e+06 
-1.16157e+07 -6.36656e+06 
-1.16953e+07 -4.3575e+06 
-9.52234e+06 -5.17291e+06 
-6.0338e+06 -1.26536e+06 
-1.87536e+06 2.07047e+06 
1.23334e+06 5.1023e+06 
3.9263e+06 7.98106e+06 
5.18751e+06 8.45449e+06 
2.71609e+06 6.18136e+06 
4.85933e+06 7.72944e+06 
3.19321e+06 7.94554e+06 
2.63805e+06 4.99848e+06 
1.13396e+06 5.99112e+06 
-1.36245e+06 4.95263e+06 
-9.32409e+06 5.55918e+06 
-1.10268e+07 -6.60265e+06 
-1.05831e+07 -6.41917e+06 
-1.07098e+07 -3.81559e+06 
-9.18889e+06 -2.76711e+06 
-6.04879e+06 -1.78617e+06 
-2.28744e+06 1.67088e+06 
880598 4.17879e+06 
2.77329e+06 5.81349e+06 
2.33598e+06 6.31017e+06 
665940 5.07853e+06 
3.878e+06 6.77006e+06 
3.20907e+06 7.31721e+06 
3.03122e+06 5.24007e+06 
866018 6.0366e+06 
-1.42963e+06 2.19836e+06 
-7.68114e+06 2.10458e+06 
-1.00831e+07 -4.66809e+06 
-9.99737e+06 -5.6069e+06 
-7.53271e+06 -2.7605e+06 
-7.32102e+06 -703013 
-5.74196e+06 -598996 
-2.45307e+06 1.07289e+06 
103772 3.18347e+06 
2.11994e+06 5.30715e+06 
358719 5.75908e+06 
666950 3.99658e+06 
3.52692e+06 6.10681e+06 
2.23185e+06 6.22453e+06 
1.40347e+06 5.14182e+06 
-939976 4.74285e+06 
-3.60176e+06 2.23451e+06 
-6.86915e+06 2.05293e+06 
-9.45314e+06 -2.6027e+06 
-9.25445e+06 -3.09419e+06 
-6.14129e+06 -1.10769e+06 
-3.31812e+06 446921 
-3.92754e+06 1.29401e+06 
-3.93533e+06 621253 
-384035 2.9567e+06 
-1.7708e+06 7.58834e+06 
-3.7747e+06 4.84749e+06 
1.16272e+06 5.4955e+06 
3.02006e+06 5.85543e+06 
579420 6.16869e+06 
575248 4.58773e+06 
-1.82963e+06 4.1683e+06 
-5.62376e+06 -450019 
-6.04028e+06 -3.10302e+06 
-5.05918e+06 -3.35248e+06 
-4.79067e+06 -1.7457e+06 
-3.87361e+06 771616 
-2.45005e+06 4.37938e+06 
-2.40739e+06 1.34919e+06 
-2.60862e+06 1.67119e+06 
-1.58658e+06 4.75606e+06 
-2.17643e+06 5.13581e+06 
-1.57581e+06 2.74112e+06 
1.91153e+06 5.55232e+06 
3.18659e+06 7.24962e+06 
-211513 5.12207e+06 
-239930 2.2421e+06 
-2.85891e+06 2.2018e+06 
-5.93032e+06 -946170 
-6.16516e+06 -3.75042e+06 
-5.10704e+06 -3.3927e+06 
-3.85056e+06 -1.09178e+06 
-1.89952e+06 1.41413e+06 
13258 4.48491e+06 
-2.35707e+06 3.28477e+06 
-2.49886e+06 1.92511e+06 
-2.06052e+06 5.53674e+06 
-1.01769e+06 6.07794e+06 
-349579 2.78865e+06 
512617 5.64182e+06 
2.04476e+06 4.57778e+06 
-1.1899e+06 4.83881e+06 
-2.15858e+06 1.38442e+06 
-5.81332e+06 692549 
-8.07594e+06 -3.11648e+06 
-7.82484e+06 -5.0254e+06 
-5.88217e+06 -3.26225e+06 
-3.90063e+06 -1.27373e+06 
-1.56092e+06 1.51778e+06 
345818 2.7848e+06 
-1.34764e+06 3.48944e+06 
-1.49154e+06 2.08327e+06 
623451 4.72474e+06 
2.07682e+06 7.39626e+06 
-2.01901e+06 7.1862e+06 
2.4787e+06 5.88208e+06 
44533.4 6.59505e+06 
-954239 3.62375e+06 
-4.66638e+06 3.85991e+06 
-7.4957e+06 1.84781e+06 
-8.15141e+06 -4.6963e+06 
-7.87346e+06 -5.45907e+06 
-6.36228e+06 -3.48763e+06 
-4.25870e+06 -1.24543e+06 
-1.91284e+06 1.35765e+06 
801206 3.5772e+06 
-1.58949e+06 5.58883e+06 
-1.6306e+06 1.62619e+06 
-104251 4.1134e+06 
2.49562e+06 6.47658e+06 
2.27409e+06 6.88986e+06 
607826 7.62975e+06 
798760 5.91619e+06 
-28905.5 2.63421e+06 
-2.30961e+06 3.65832e+06 
-7.08054e+06 2.43904e+06 
-7.81992e+06 -4.3162e+06 
-7.46833e+06 -5.40695e+06 
-7.94568e+06 -4.05188e+06 
-5.69523e+06 -1.68543e+06 
-2.86339e+06 1.29492e+06 
-1.04799e+06 5.15583e+06 
-2.46216e+06 5.74824e+06 
-1.87455e+06 4.29051e+06 
-2.27292e+06 4.45642e+06 
1.74746e+06 6.7855e+06 
261375 1.04603e+07 
-289714 9.46592e+06 
567426 8.89289e+06 
-510997 6.38619e+06 
438849 2.19794e+06 
-5.21207e+06 2.68765e+06 
-6.97749e+06 -2.83659e+06 
-9.87279e+06 -2.36655e+06 
-9.89949e+06 -3.96537e+06 
-7.39884e+06 348987 
-5.4631e+06 8.64571e+06 
-1.60501e+07 9.37405e+06 
-2.53866e+06 2.4216e+06 
-5.66761e+06 7.5764e+06 
-1.22724e+06 6.64286e+06 
742362 6.76581e+06 
-1.7211e+06 1.47009e+07 
3.34824e+06 9.02939e+06 
4.85991e+06 9.61334e+06 
22983 8.62743e+06 
-4.41645e+06 4.58817e+06 
-6.55696e+06 2.29852e+06 
-6.79979e+06 -3.47638e+06 
-9.96594e+06 -249615 
-1.36733e+07 -3.09137e+06 
-8.61415e+06 -3.59083e+06 
-8.50324e+06 -2.68552e+06 
-5.91736e+06 -520019 
-2.03519e+06 2.925e+06 
-1.14433e+06 5.26608e+06 
855042 8.09288e+06 
2.81331e+06 8.02118e+06 
3.09538e+06 8.94748e+06 
5.65356e+06 1.06682e+07 
6.72451e+06 1.33395e+07 
3.68936e+06 1.32131e+07 
-7.25163e+06 9.22139e+06 
-1.04353e+07 651501 
-9.31423e+06 -4.35386e+06 
-6.89342e+06 -2.789e+06 
-1.17259e+07 -3.24197e+06 
-1.16062e+07 -7.18989e+06 
-9.94261e+06 -4.11782e+06 
-7.07572e+06 -1.39252e+06 
-2.90575e+06 2.23829e+06 
-1.68e+06 6.40699e+06 
492532 6.50512e+06 
4.19388e+06 7.99685e+06 
3.88613e+06 9.12849e+06 
7.26847e+06 1.23464e+07 
1.05881e+07 1.4531e+07 
-915303 1.46551e+07 
-5.55922e+06 8.20048e+06 
-1.04034e+07 498786 
-9.33082e+06 -2.06864e+06 
-1.47345e+07 -4.18371e+06 
-1.43577e+07 -3.87341e+06 
-1.3091e+07 -8.15018e+06 
-9.84150e+06 -4.41713e+06 
-8.20653e+06 -2.29461e+06 
-4.6919e+06 877766 
-931353 3.41923e+06 
979989 6.01994e+06 
4.42233e+06 8.81367e+06 
7.05277e+06 1.01952e+07 
8.54324e+06 1.23659e+07 
9.9273e+06 1.47741e+07 
-2.36996e+06 1.53084e+07 
-2.88704e+06 8.59792e+06 
-2.8995e+06 360061 
-8.64172e+06 -1.18468e+06 
-1.48116e+07 -5.13648e+06 
-1.36062e+07 -1.06732e+07 
-1.13867e+07 -8.12233e+06 
-9.65837e+06 -6.18769e+06 
-8.16353e+06 -4.33088e+06 
-4.68806e+06 -507358 
-922278 3.56959e+06 
2.52232e+06 6.67239e+06 
5.64143e+06 9.12834e+06 
7.15248e+06 1.07051e+07 
1.99057e+06 1.6902e+07 
4.91487e+06 1.20523e+07 
816325 1.19805e+07 
-4.7509e+06 7.79169e+06 
-2.77226e+06 555976 
-7.91557e+06 123909 
-1.26555e+07 -115150 
-1.26679e+07 -1.05326e+07 
-1.1092e+07 -7.92871e+06 
-1.05430e+07 -7.42822e+06 
-8.74430e+06 -4.28002e+06 
-4.76279e+06 -455340 
-1.05754e+06 3.3914e+06 
2.43156e+06 6.77996e+06 
5.99286e+06 1.00358e+07 
8.03686e+06 1.22082e+07 
3.59547e+06 1.29446e+07 
3.39314e+06 1.15973e+07 
2.69682e+06 9.90287e+06 
-1.95617e+06 7.54323e+06 
-959803 2.11551e+06 
-4.7949e+06 2.52475e+06 
-1.19209e+07 1.33825e+06 
-1.18677e+07 -7.5336e+06 
-1.27169e+07 -8.89416e+06 
-1.11102e+07 -7.98014e+06 
-8.77084e+06 -4.60894e+06 
-5.04403e+06 -952054 
-1.57378e+06 2.49141e+06 
1.07921e+06 6.30304e+06 
5.26121e+06 9.17577e+06 
8.03795e+06 1.21333e+07 
4.97878e+06 1.10571e+07 
5.59029e+06 7.80132e+06 
2.70021e+06 7.77852e+06 
740928 5.00902e+06 
350288 3.61406e+06 
316652 3.80313e+06 
-1.03586e+07 1.72256e+06 
-1.05449e+07 -7.13314e+06 
-1.11556e+07 -5.88742e+06 
-1.0441e+07 -4.0646e+06 
-8.55399e+06 -4.20469e+06 
-5.98639e+06 -1.41917e+06 
-2.12528e+06 1.42472e+06 
816681 5.37841e+06 
4.12925e+06 9.48467e+06 
5.21286e+06 9.88738e+06 
3.36154e+06 6.34703e+06 
5.23187e+06 7.40538e+06 
3.05648e+06 8.2013e+06 
828914 4.11389e+06 
498186 4.11112e+06 
-3.23864e+06 3.59094e+06 
-7.7516e+06 1.49482e+06 
-9.04027e+06 -6.21916e+06 
-9.04908e+06 -5.11314e+06 
-8.52248e+06 -3.74752e+06 
-8.48863e+06 -2.76333e+06 
-6.01906e+06 -1.05059e+06 
-2.21139e+06 1.20159e+06 
324107 4.61687e+06 
3.04351e+06 5.96916e+06 
3.30529e+06 6.16496e+06 
2.22079e+06 5.4901e+06 
3.92486e+06 6.81591e+06 
2.02545e+06 7.37528e+06 
-2378.29 5.33743e+06 
-122950 4.20809e+06 
-3.53823e+06 2.59706e+06 
-7.07719e+06 -1.01738e+06 
-7.73915e+06 -4.93716e+06 
-7.94996e+06 -4.84249e+06 
-6.32327e+06 -2.74688e+06 
-5.70054e+06 -838350 
-5.50936e+06 -494250 
-2.29821e+06 1.19036e+06 
103740 3.195e+06 
2.20577e+06 4.44705e+06 
1.17939e+06 4.63945e+06 
1.15544e+06 4.27988e+06 
3.00237e+06 5.81614e+06 
787794 6.04327e+06 
-1.0546e+06 3.51369e+06 
-430702 3.35578e+06 
-4.92702e+06 1.89982e+06 
-6.79933e+06 -1.15564e+06 
-7.00705e+06 -3.74299e+06 
-6.27359e+06 -2.46697e+06 
-5.43507e+06 -1.65125e+06 
-2.87736e+06 -269249 
-3.07439e+06 261021 
-2.23313e+06 2.47599e+06 
152677 4.18999e+06 
627058 4.00189e+06 
-222483 3.15172e+06 
1.02554e+06 4.93047e+06 
1.85438e+06 5.08432e+06 
-1.1078e+06 5.36104e+06 
-1.20147e+06 2.11628e+06 
-1.3962e+06 2.20764e+06 
-6.55828e+06 371040 
-6.5084e+06 -3.84372e+06 
-5.12642e+06 -3.34872e+06 
-3.91082e+06 -1.33741e+06 
-2.9805e+06 1.15413e+06 
-2.6037e+06 835773 
-689314 1.70555e+06 
-36257.3 2.68242e+06 
640222 5.19044e+06 
-973194 5.32882e+06 
-328673 2.10946e+06 
476355 3.98462e+06 
1.94741e+06 5.91638e+06 
-235042 4.65992e+06 
-590025 1.91884e+06 
-3.8907e+06 1.38105e+06 
-7.54211e+06 -292256 
-7.3054e+06 -4.87795e+06 
-5.52480e+06 -3.24899e+06 
-3.83335e+06 -1.253e+06 
-1.7074e+06 2.18006e+06 
-1.22541e+06 2.38153e+06 
-463743 1.95691e+06 
-455592 2.3726e+06 
1.02091e+06 6.27595e+06 
-2.16909e+06 1.01139e+07 
-2.46503e+06 6.98387e+06 
575389 3.65003e+06 
2.27016e+06 4.23857e+06 
-2.59456e+06 4.4954e+06 
-3.47221e+06 3.66011e+06 
-5.47826e+06 323509 
-8.0905e+06 -970502 
-7.9986e+06 -5.28787e+06 
-6.23103e+06 -3.17571e+06 
-3.60847e+06 -1.40756e+06 
-1.79198e+06 1.53156e+06 
109923 3.23301e+06 
-370708 5.36942e+06 
-476197 2.21428e+06 
1.2787e+06 3.97788e+06 
3.11516e+06 6.18671e+06 
-654242 6.29484e+06 
2.57526e+06 4.05102e+06 
2.4354e+06 4.37277e+06 
-1.69412e+06 4.545e+06 
-8.39456e+06 6.26511e+06 
-9.58638e+06 -2.58392e+06 
-8.00041e+06 -3.23838e+06 
-8.00053e+06 -5.92791e+06 
-6.64497e+06 -3.54885e+06 
-4.44762e+06 -1.47606e+06 
-2.66015e+06 904926 
39576.1 3.46456e+06 
-786129 6.85292e+06 
-2.11585e+06 3.61606e+06 
733722 3.83631e+06 
3.11672e+06 6.54331e+06 
2.47811e+06 6.54241e+06 
1.17119e+06 5.28024e+06 
2.41107e+06 6.21444e+06 
483714 4.74514e+06 
-6.01476e+06 5.63904e+06 
-8.60606e+06 1.92703e+06 
-7.68403e+06 -4.24949e+06 
-8.03728e+06 -6.45549e+06 
-7.74357e+06 -4.29767e+06 
-6.50375e+06 -1.99104e+06 
-3.96373e+06 723122 
-535494 3.19115e+06 
-503020 5.64114e+06 
-1.25113e+06 3.74665e+06 
795722 6.42592e+06 
2.42171e+06 1.11079e+07 
87508.5 8.58375e+06 
625834 7.09856e+06 
3.00211e+06 9.86623e+06 
340274 8.35286e+06 
-2.99047e+06 1.96079e+06 
-5.74047e+06 2.03347e+06 
-7.11609e+06 -2.80426e+06 
-1.00636e+07 -3.21138e+06 
-1.01378e+07 -5.80972e+06 
-7.6376e+06 -3.05454e+06 
-5.36935e+06 29549.7 
-4.68165e+06 1.34796e+06 
-2.02569e+06 1.99978e+06 
1.34808e+06 5.21102e+06 
2.49867e+06 7.93254e+06 
2.59893e+06 1.10435e+07 
-470342 1.07188e+07 
3.23574e+06 8.91724e+06 
6.435e+06 1.04622e+07 
826834 1.01328e+07 
-2.22891e+06 5.80818e+06 
-7.35415e+06 1.98809e+06 
-7.52731e+06 -3.67536e+06 
-9.96878e+06 -3.21796e+06 
-1.12924e+07 -5.71454e+06 
-1.03264e+07 -4.90578e+06 
-9.68866e+06 -3.23363e+06 
-6.47213e+06 -1.63555e+06 
-3.50608e+06 2.07336e+06 
-301285 4.97859e+06 
3.27693e+06 1.17038e+07 
-288296 1.19961e+07 
2.85081e+06 9.07655e+06 
5.76153e+06 1.24405e+07 
8.85725e+06 1.30427e+07 
2.72785e+06 1.29533e+07 
-1.72994e+06 6.37423e+06 
-1.10843e+07 2.17871e+06 
-1.03637e+07 -5.93759e+06 
-9.00992e+06 -5.52312e+06 
-1.21094e+07 -5.10872e+06 
-1.25083e+07 -6.69014e+06 
-1.08196e+07 -6.0206e+06 
-7.68307e+06 -2.22325e+06 
-3.50389e+06 1.53854e+06 
-702513 4.75383e+06 
2.34312e+06 7.70758e+06 
3.80356e+06 9.80808e+06 
4.11096e+06 1.24187e+07 
7.07686e+06 1.58367e+07 
1.07063e+07 1.76871e+07 
-9.321e+06 1.93624e+07 
-5.99459e+06 4.72754e+06 
-1.13776e+07 2.10826e+06 
-1.11733e+07 1.1205e+06 
-1.48138e+07 -5.54773e+06 
-1.34547e+07 -5.17183e+06 
-1.28393e+07 -8.86096e+06 
-1.20274e+07 -7.26024e+06 
-8.48096e+06 -3.09474e+06 
-4.71269e+06 1.0836e+06 
-493902 3.5294e+06 
2.22297e+06 7.32915e+06 
5.57389e+06 9.90723e+06 
6.90769e+06 1.36297e+07 
1.01872e+07 1.60155e+07 
1.16252e+07 2.17026e+07 
-3.62703e+06 2.07749e+07 
-3.7045e+06 2.77862e+06 
-5.47225e+06 3.93415e+06 
-1.67821e+07 1.49956e+06 
-1.59779e+07 -6.64076e+06 
-1.37202e+07 -1.0913e+07 
-1.26293e+07 -9.10532e+06 
-1.20988e+07 -8.07705e+06 
-8.66051e+06 -4.52407e+06 
-4.86394e+06 -476862 
-895838 3.58752e+06 
3.09018e+06 7.39237e+06 
6.14207e+06 9.86449e+06 
8.72780e+06 1.28775e+07 
1.08699e+07 1.44535e+07 
6.78807e+06 1.55239e+07 
393258 1.29245e+07 
-4.20147e+06 5.9319e+06 
-2.14563e+06 2.29228e+06 
-7.83553e+06 1.72382e+06 
-1.50615e+07 355545 
-1.44405e+07 -7.78996e+06 
-1.45187e+07 -9.49222e+06 
-1.19298e+07 -8.23308e+06 
-8.82687e+06 -4.4977e+06 
-5.05201e+06 -837380 
-1.54481e+06 3.4222e+06 
2.36161e+06 6.77328e+06 
5.82657e+06 1.00736e+07 
8.18972e+06 1.1654e+07 
6.45297e+06 1.47649e+07 
4.23159e+06 1.41353e+07 
2.84888e+06 9.01881e+06 
-1.71158e+06 5.55068e+06 
-1.08888e+06 1.62059e+06 
-3.21184e+06 1.07405e+06 
-1.23689e+07 731361 
-1.45833e+07 -2.19791e+06 
-2.10613e+07 -6.85689e+06 
-1.23974e+07 -7.63926e+06 
-8.82460e+06 -4.61465e+06 
-5.04935e+06 -1.11149e+06 
-2.21818e+06 2.32616e+06 
1.07788e+06 5.88898e+06 
5.06741e+06 9.1663e+06 
7.46473e+06 1.14046e+07 
5.44445e+06 1.14307e+07 
4.30371e+06 1.13788e+07 
2.86202e+06 6.89148e+06 
-301571 5.20006e+06 
-162953 1.65192e+06 
-1.65582e+06 1.82859e+06 
-7.68112e+06 1.2747e+06 
-8.78746e+06 -5.94098e+06 
-1.26365e+07 -5.18579e+06 
-1.16353e+07 -4.48733e+06 
-7.86385e+06 -4.20609e+06 
-4.81985e+06 -1.55661e+06 
-2.59387e+06 1.38781e+06 
824707 5.36542e+06 
3.64327e+06 8.66706e+06 
5.62931e+06 9.30264e+06 
3.86575e+06 7.89691e+06 
3.87979e+06 6.65813e+06 
1.52788e+06 6.35267e+06 
-372906 4.89836e+06 
416040 2.32219e+06 
-2.77458e+06 3.004e+06 
-7.35020e+06 -102779 
-7.38776e+06 -4.97609e+06 
-7.45708e+06 -4.55729e+06 
-8.17848e+06 -3.95768e+06 
-7.7242e+06 -3.4478e+06 
-4.93274e+06 -1.11322e+06 
-2.50843e+06 983673 
393374 4.40416e+06 
2.4877e+06 6.16607e+06 
3.61164e+06 7.30814e+06 
2.02591e+06 5.37656e+06 
2.64142e+06 5.91267e+06 
1.16661e+06 5.35104e+06 
-418975 4.32736e+06 
268445 2.47874e+06 
-3.94881e+06 3.21902e+06 
-6.17471e+06 -1.87838e+06 
-7.05858e+06 -3.02311e+06 
-6.71262e+06 -3.79205e+06 
-5.24309e+06 -2.59242e+06 
-4.40735e+06 -1.50355e+06 
-3.64401e+06 -674040 
-2.10532e+06 1.58657e+06 
413170 3.00081e+06 
1.97195e+06 4.54563e+06 
2.14705e+06 5.24497e+06 
791610 3.99938e+06 
2.22949e+06 4.94088e+06 
285775 5.34027e+06 
-1.08758e+06 4.13237e+06 
193171 2.44482e+06 
-4.61991e+06 2.46518e+06 
-5.42611e+06 -1.65994e+06 
-6.37433e+06 -3.0263e+06 
-5.99021e+06 -2.33975e+06 
-5.07649e+06 -1.49825e+06 
-3.16126e+06 305552 
-1.8293e+06 579677 
-1.39859e+06 2.63606e+06 
682759 5.22798e+06 
-389216 6.95367e+06 
-130753 4.6784e+06 
1.10174e+06 2.88778e+06 
2.00337e+06 3.97569e+06 
-9356.93 4.52756e+06 
-1.05533e+06 994885 
-1.11893e+06 2.10893e+06 
-6.59384e+06 1.07319e+06 
-6.25928e+06 -4.39617e+06 
-4.96984e+06 -3.22524e+06 
-3.94693e+06 -1.36543e+06 
-2.68145e+06 943142 
-2.52498e+06 513638 
-1.40367e+06 1.78507e+06 
-1.00174e+06 2.70571e+06 
1.79113e+06 5.08056e+06 
21496.3 5.28039e+06 
-102472 3.18116e+06 
605913 2.62689e+06 
1.95132e+06 4.2002e+06 
-442052 4.66669e+06 
-1.33056e+06 698974 
-3.81215e+06 1.63485e+06 
-7.81813e+06 -354582 
-7.45517e+06 -4.71829e+06 
-5.4218e+06 -2.96872e+06 
-3.42646e+06 -1.23331e+06 
-1.70397e+06 1.8966e+06 
-1.07195e+06 2.34668e+06 
-329036 2.07475e+06 
800122 2.37e+06 
1.80386e+06 4.54210e+06 
1.24143e+06 6.00029e+06 
-957748 6.2067e+06 
704134 6.46869e+06 
-1.39967e+06 4.11333e+06 
-2.81441e+06 5.27728e+06 
-3.18672e+06 61980 
-3.11797e+06 293737 
-7.83629e+06 -488529 
-7.97096e+06 -5.36044e+06 
-6.37617e+06 -3.24275e+06 
-4.00537e+06 -1.77017e+06 
-2.28776e+06 368414 
-294751 3.45707e+06 
-1.24709e+06 6.52725e+06 
-1.41784e+06 2.43598e+06 
1.49665e+06 4.86442e+06 
2.81824e+06 5.85625e+06 
1.83289e+06 6.35688e+06 
770500 6.20928e+06 
483402 4.38056e+06 
-3.02742e+06 6.6267e+06 
-4.05086e+06 2.31462e+06 
-4.84372e+06 -1.31908e+06 
-7.81465e+06 -1.91076e+06 
-7.99008e+06 -5.23999e+06 
-6.84813e+06 -3.70844e+06 
-4.5883e+06 -1.84583e+06 
-3.34153e+06 79145.2 
-763290 3.52729e+06 
-1.12504e+06 8.13926e+06 
-2.79751e+06 6.96326e+06 
1.46468e+06 4.46004e+06 
2.81713e+06 6.36311e+06 
2.88793e+06 6.38182e+06 
2.22996e+06 5.60652e+06 
2.76398e+06 6.12188e+06 
261246 5.65086e+06 
-4.04981e+06 3.45101e+06 
-5.7207e+06 -2.46501e+06 
-7.29367e+06 -4.64098e+06 
-8.49267e+06 -5.51299e+06 
-7.90221e+06 -4.49126e+06 
-6.26887e+06 -2.81247e+06 
-4.22652e+06 -67359.6 
-2.95317e+06 3.22945e+06 
-764697 5.28738e+06 
113252 4.87352e+06 
2.24104e+06 6.82031e+06 
2.57269e+06 1.20273e+07 
1.85472e+06 6.13972e+06 
2.22626e+06 1.03826e+07 
5.19709e+06 1.06843e+07 
570140 1.01266e+07 
-6.11473e+06 3.48477e+06 
-6.82892e+06 -1.1056e+06 
-6.30592e+06 -3.75055e+06 
-1.07734e+07 -4.37432e+06 
-1.07271e+07 -6.01553e+06 
-7.98146e+06 -4.08487e+06 
-6.47045e+06 -675888 
-5.44877e+06 130387 
-2.27828e+06 2.23669e+06 
844510 5.1831e+06 
3.91151e+06 7.04582e+06 
5.0883e+06 8.93399e+06 
1.77899e+06 1.02944e+07 
4.44346e+06 1.303e+07 
7.31327e+06 1.39732e+07 
764027 1.50248e+07 
-1.21914e+07 7.02461e+06 
-1.26755e+07 -1.11135e+06 
-8.57097e+06 -3.79624e+06 
-1.22525e+07 -4.26991e+06 
-1.09236e+07 -6.68495e+06 
-1.21466e+07 -5.57232e+06 
-1.03992e+07 -4.71347e+06 
-7.88811e+06 -2.27716e+06 
-4.20475e+06 1.15419e+06 
-1.09222e+06 4.45596e+06 
2.90984e+06 6.79124e+06 
6.5008e+06 1.0317e+07 
4.29846e+06 1.30156e+07 
7.80068e+06 1.67541e+07 
9.0987e+06 1.61621e+07 
4.56777e+06 1.39199e+07 
-1.07919e+07 7.34095e+06 
-1.24458e+07 3.48526e+06 
-9.68361e+06 -6.58833e+06 
-1.07632e+07 -6.99546e+06 
-1.29624e+07 -6.76743e+06 
-1.3695e+07 -6.56939e+06 
-1.15256e+07 -6.37036e+06 
-8.11609e+06 -3.05086e+06 
-5.55145e+06 -172220 
-1.26925e+06 3.15159e+06 
2.35095e+06 6.92348e+06 
6.465e+06 1.07029e+07 
8.18212e+06 1.45672e+07 
9.83864e+06 1.82104e+07 
1.13197e+07 2.19715e+07 
-1.38525e+07 2.20373e+07 
-1.06429e+07 5.15693e+06 
-1.11164e+07 4.98928e+06 
-1.20751e+07 2.38344e+06 
-1.46488e+07 -7.24206e+06 
-1.48978e+07 -7.26247e+06 
-1.63151e+07 -1.07518e+07 
-1.24808e+07 -7.66237e+06 
-8.61557e+06 -3.15669e+06 
-5.39597e+06 234409 
-1.27496e+06 2.96763e+06 
2.22344e+06 6.85358e+06 
6.39038e+06 1.05528e+07 
9.75426e+06 1.49225e+07 
1.15202e+07 1.66365e+07 
1.29972e+07 2.37214e+07 
-1.52137e+07 3.05199e+07 
-1.03981e+07 3.47395e+06 
-3.53556e+06 3.18841e+06 
-1.76383e+07 4.8258e+06 
-2.98083e+07 3.93194e+06 
-1.70151e+07 -1.09984e+07 
-1.49426e+07 -1.06285e+07 
-1.26822e+07 -8.09596e+06 
-8.94997e+06 -4.49583e+06 
-5.04639e+06 -422337 
-998858 3.59899e+06 
2.73553e+06 6.94693e+06 
5.30714e+06 1.00543e+07 
8.2909e+06 1.44101e+07 
1.01933e+07 1.49673e+07 
7.24873e+06 1.62367e+07 
2.42297e+06 1.46674e+07 
-48647.6 4.39584e+06 
-1.45431e+06 4.55234e+06 
-1.44227e+07 8.56911e+06 
-1.61531e+07 -3.33987e+06 
-1.45242e+07 -7.56575e+06 
-1.45363e+07 -8.09614e+06 
-1.26648e+07 -8.47809e+06 
-8.86638e+06 -4.71031e+06 
-5.04541e+06 -739568 
-1.6825e+06 3.0879e+06 
2.11686e+06 6.62432e+06 
5.46275e+06 9.17975e+06 
7.1638e+06 1.18574e+07 
8.64702e+06 1.26371e+07 
3.77183e+06 1.31038e+07 
3.05426e+06 9.08578e+06 
-85469.6 4.31157e+06 
-1.04381e+06 2.11578e+06 
-8.22274e+06 1.06491e+06 
-9.63157e+06 -746688 
-1.29185e+07 -5.64871e+06 
-1.53138e+07 -6.70938e+06 
-1.25478e+07 -7.00621e+06 
-8.51085e+06 -4.69958e+06 
-5.00286e+06 -1.68331e+06 
-2.3734e+06 2.1843e+06 
1.53412e+06 5.75818e+06 
4.00074e+06 8.09572e+06 
6.51451e+06 1.07787e+07 
6.33075e+06 1.13979e+07 
3.28592e+06 1.1784e+07 
2.49317e+06 4.5516e+06 
-103877 4.3473e+06 
58287.9 2.02e+06 
-2.95891e+06 2.90073e+06 
-8.11352e+06 -777235 
-7.97535e+06 -5.07802e+06 
-1.17398e+07 -5.31654e+06 
-1.14319e+07 -5.4467e+06 
-7.48359e+06 -4.3262e+06 
-5.00769e+06 -2.26543e+06 
-2.76722e+06 1.56681e+06 
760800 4.9155e+06 
2.90438e+06 7.35545e+06 
5.74266e+06 8.95993e+06 
2.64195e+06 9.64257e+06 
3.09716e+06 6.44316e+06 
1.07426e+06 4.94956e+06 
21806 4.17416e+06 
477625 2.42263e+06 
-3.22467e+06 3.60788e+06 
-6.40726e+06 -1.97438e+06 
-6.8327e+06 -4.08351e+06 
-7.67199e+06 -4.23764e+06 
-7.52541e+06 -4.01529e+06 
-6.91168e+06 -2.70051e+06 
-5.56378e+06 -2.22188e+06 
-2.75797e+06 970566 
-201982 3.54809e+06 
2.21969e+06 6.10103e+06 
4.57151e+06 7.78852e+06 
921500 7.70362e+06 
2.47243e+06 4.67213e+06 
816173 4.28541e+06 
555834 1.95357e+06 
982860 3.27917e+06 
-4.04508e+06 4.17841e+06 
-4.66166e+06 -2.66782e+06 
-7.09327e+06 -2.62213e+06 
-6.30808e+06 -3.6706e+06 
-4.94735e+06 -2.73675e+06 
-4.15608e+06 79338.7 
-4.1455e+06 397666 
-3.34778e+06 882177 
-1.04023e+06 2.64477e+06 
1.87716e+06 5.23343e+06 
1.96068e+06 7.24154e+06 
274863 2.66491e+06 
2.28597e+06 3.94537e+06 
-214805 4.6534e+06 
-705960 1.83786e+06 
945732 3.71944e+06 
-5.02885e+06 4.11007e+06 
-4.94636e+06 -2.46218e+06 
-6.71095e+06 -2.62189e+06 
-6.03742e+06 -2.79224e+06 
-4.26648e+06 -1.44718e+06 
-3.14844e+06 1.1239e+06 
-3.39928e+06 2.32628e+06 
-3.25532e+06 1.60009e+06 
-1.08248e+06 3.58183e+06 
1.92323e+06 7.38868e+06 
-617171 6.5298e+06 
763862 2.82443e+06 
1.88708e+06 3.73404e+06 
-404808 4.53467e+06 
-817332 1.53978e+06 
-912548 4.55219e+06 
-6.23175e+06 3.97089e+06 
-6.14826e+06 -4.2858e+06 
-4.78812e+06 -3.11487e+06 
-4.1096e+06 -1.69483e+06 
-3.35973e+06 -758699 
-1.85685e+06 1.11478e+06 
-2.11325e+06 1.25710e+06 
-1.76087e+06 2.17503e+06 
-325115 3.9202e+06 
701305 4.98727e+06 
-218816 3.92951e+06 
1.41722e+06 4.00518e+06 
-1.35532e+06 3.71654e+06 
-1.2743e+06 4.08736e+06 
-1.1151e+06 1.20754e+06 
-2.24215e+06 4.06874e+06 
-7.40703e+06 2.46355e+06 
-7.18891e+06 -4.66934e+06 
-5.68625e+06 -2.91096e+06 
-3.72012e+06 -1.59786e+06 
-2.63412e+06 164325 
-973560 2.99784e+06 
-487089 3.21672e+06 
-233842 2.42454e+06 
1.8393e+06 4.95829e+06 
1.36386e+06 5.00529e+06 
1.34616e+06 4.85686e+06 
1.00475e+06 6.3071e+06 
-3.39295e+06 4.25485e+06 
-2.77023e+06 490858 
-1.39573e+06 1.04878e+06 
-3.08594e+06 1.62209e+06 
-6.32158e+06 652087 
-7.43672e+06 -3.77416e+06 
-6.67814e+06 -3.70532e+06 
-4.65564e+06 -2.02379e+06 
-3.30586e+06 -256554 
-1.79376e+06 2.9061e+06 
-488775 3.82962e+06 
-837899 3.50551e+06 
2.27946e+06 4.84999e+06 
3.24152e+06 5.30392e+06 
3.53688e+06 6.42562e+06 
857361 5.46439e+06 
-632615 3.46841e+06 
-962093 2.9335e+06 
-1.95859e+06 722829 
-4.91468e+06 615372 
-5.65308e+06 -1.92815e+06 
-7.75004e+06 -3.90872e+06 
-6.92103e+06 -4.08779e+06 
-5.44005e+06 -1.94943e+06 
-4.12081e+06 -416076 
-2.14276e+06 2.82456e+06 
-108263 3.84139e+06 
408669 5.36839e+06 
2.55116e+06 6.65012e+06 
3.14422e+06 7.98e+06 
1.50692e+06 6.65998e+06 
1.35451e+06 6.05491e+06 
2.20504e+06 6.03198e+06 
-161921 5.28395e+06 
-2.52796e+06 1.57297e+06 
-5.68712e+06 -238262 
-5.77973e+06 -4.1029e+06 
-8.0259e+06 -4.1793e+06 
-7.83168e+06 -4.70401e+06 
-6.80218e+06 -3.39729e+06 
-5.32531e+06 -904462 
-4.1231e+06 1.68064e+06 
-1.00219e+06 3.3247e+06 
2.35362e+06 5.65038e+06 
3.46251e+06 7.42584e+06 
3.36812e+06 8.23958e+06 
2.17145e+06 5.72528e+06 
4.36246e+06 1.19252e+07 
4.24156e+06 1.02906e+07 
204167 9.70569e+06 
-4.4985e+06 2.05802e+06 
-6.93321e+06 -1.09327e+06 
-8.71256e+06 -4.77277e+06 
-1.05028e+07 -4.8772e+06 
-9.62018e+06 -6.26213e+06 
-7.91902e+06 -4.18157e+06 
-7.69508e+06 -3.13791e+06 
-5.83774e+06 -825965 
-2.25862e+06 2.78724e+06 
316729 5.31984e+06 
3.58141e+06 7.70229e+06 
5.74856e+06 9.60073e+06 
4.61137e+06 1.15976e+07 
5.88142e+06 1.76824e+07 
7.53608e+06 1.67943e+07 
-2.92823e+06 1.71928e+07 
-1.24143e+07 6.90271e+06 
-1.29206e+07 -2.71431e+06 
-1.18396e+07 -4.80239e+06 
-1.1934e+07 -6.54562e+06 
-9.89301e+06 -7.75053e+06 
-1.09594e+07 -6.59426e+06 
-1.05728e+07 -5.54291e+06 
-7.91866e+06 -2.33645e+06 
-5.20456e+06 807790 
-1.20457e+06 3.87234e+06 
2.92911e+06 7.24081e+06 
6.78325e+06 1.12197e+07 
8.83652e+06 1.47713e+07 
1.19679e+07 2.14392e+07 
9.54773e+06 2.66218e+07 
-2.84008e+06 1.47617e+07 
-1.825e+07 8.92132e+06 
-1.7141e+07 240362 
-1.12099e+07 -6.87739e+06 
-1.12308e+07 -8.85407e+06 
-1.49387e+07 -8.00058e+06 
-1.50313e+07 -8.05257e+06 
-1.27092e+07 -7.4994e+06 
-8.54234e+06 -4.40989e+06 
-5.80339e+06 -1.246e+06 
-1.50252e+06 3.11881e+06 
2.78493e+06 7.20903e+06 
6.89409e+06 1.1379e+07 
1.05086e+07 1.59085e+07 
1.46142e+07 2.1484e+07 
4.56208e+06 3.18668e+07 
-1.01001e+07 2.52174e+07 
-1.01567e+07 7.05211e+06 
-1.02312e+07 -1.06388e+06 
-1.13916e+07 -3.78754e+06 
-1.57003e+07 -8.27718e+06 
-1.63163e+07 -1.01369e+07 
-1.58102e+07 -1.1707e+07 
-1.26344e+07 -8.09832e+06 
-8.86426e+06 -5.04399e+06 
-5.42116e+06 -1.1296e+06 
-1.58338e+06 2.8891e+06 
2.61819e+06 7.21338e+06 
6.50212e+06 1.1379e+07 
1.00313e+07 1.58766e+07 
1.17403e+07 1.76805e+07 
1.37666e+07 1.96541e+07 
-8.38037e+06 1.93595e+07 
-8.27976e+06 7.23895e+06 
-4.6126e+06 3.08524e+06 
-1.33007e+07 4.95524e+06 
-2.11966e+07 -3.56765e+06 
-1.67483e+07 -1.14543e+07 
-1.43426e+07 -1.1289e+07 
-1.27458e+07 -8.09171e+06 
-8.84683e+06 -4.50627e+06 
-5.35143e+06 -827184 
-1.61523e+06 3.64118e+06 
2.09743e+06 6.58182e+06 
5.25027e+06 1.0941e+07 
8.34566e+06 1.51609e+07 
9.01556e+06 1.4889e+07 
1.06981e+07 1.666e+07 
2.59219e+06 1.52477e+07 
-1.91993e+06 5.33038e+06 
-2.41153e+06 3.67422e+06 
-1.44159e+07 9.54319e+06 
-1.43576e+07 -6.01208e+06 
-1.42561e+07 -8.05717e+06 
-1.49123e+07 -7.29722e+06 
-1.32089e+07 -8.08274e+06 
-8.84967e+06 -4.17815e+06 
-4.98395e+06 -848554 
-2.3266e+06 3.06724e+06 
1.28587e+06 6.2045e+06 
3.84528e+06 8.49399e+06 
6.99225e+06 1.17988e+07 
7.74326e+06 1.34335e+07 
4.77621e+06 1.47217e+07 
2.46352e+06 1.42128e+07 
-2.86145e+06 4.85284e+06 
-2.2161e+06 1.88198e+06 
-8.18569e+06 967947 
-9.02218e+06 -2.22796e+06 
-9.38032e+06 -6.37894e+06 
-1.24304e+07 -6.99725e+06 
-1.21899e+07 -6.82162e+06 
-8.29877e+06 -4.2662e+06 
-4.92629e+06 -1.64398e+06 
-2.17085e+06 2.01381e+06 
1.39087e+06 5.37555e+06 
2.82121e+06 7.60488e+06 
5.47368e+06 9.99738e+06 
6.71529e+06 1.08301e+07 
3.60301e+06 1.33419e+07 
1.94345e+06 1.37396e+07 
-1.80008e+06 4.77102e+06 
-1.61788e+06 1.68283e+06 
-3.01369e+06 2.26995e+06 
-8.0705e+06 -897.03 
-7.95394e+06 -2.78332e+06 
-9.54234e+06 -5.81661e+06 
-9.22511e+06 -5.37914e+06 
-6.87577e+06 -4.10479e+06 
-4.86263e+06 -1.70821e+06 
-2.51923e+06 1.5879e+06 
150736 3.84898e+06 
2.07991e+06 6.4343e+06 
4.20099e+06 8.4842e+06 
2.6095e+06 9.30652e+06 
3.10192e+06 7.669e+06 
1.50336e+06 5.94967e+06 
343158 3.96433e+06 
-549776 2.37162e+06 
-1.92809e+06 3.67866e+06 
-4.68355e+06 1.53057e+06 
-9.97451e+06 190100 
-8.37307e+06 -5.0731e+06 
-8.01305e+06 -4.00951e+06 
-5.48591e+06 -2.41811e+06 
-5.3217e+06 -2.41865e+06 
-3.42014e+06 691522 
-1.45359e+06 2.73958e+06 
1.54168e+06 5.6593e+06 
3.78332e+06 7.69028e+06 
862205 7.67378e+06 
2.34901e+06 4.59689e+06 
1.20484e+06 4.77826e+06 
683476 3.35993e+06 
1.43814e+06 3.82438e+06 
-3.98686e+06 7.07602e+06 
-4.92841e+06 1.54023e+06 
-7.13733e+06 -2.85416e+06 
-7.16509e+06 -4.39321e+06 
-6.07378e+06 -3.14707e+06 
-4.24499e+06 22230 
-4.08409e+06 415083 
-3.77488e+06 -282272 
-1.75467e+06 2.07064e+06 
1.32893e+06 4.8026e+06 
3.49966e+06 7.29523e+06 
418539 3.90205e+06 
610494 3.57276e+06 
-9946.7 3.60663e+06 
-82282.6 2.3576e+06 
1.5815e+06 3.87807e+06 
-3.80018e+06 6.96202e+06 
-5.4841e+06 -426182 
-6.48999e+06 -2.64952e+06 
-5.91555e+06 -3.02421e+06 
-4.73271e+06 -1.97073e+06 
-3.45305e+06 618503 
-3.32236e+06 1.63518e+06 
-3.3309e+06 -507697 
-1.61271e+06 2.14408e+06 
1.49055e+06 4.65193e+06 
763601 6.58664e+06 
1.66681e+06 3.9558e+06 
-1.60389e+06 3.05683e+06 
-1.13909e+06 2.88417e+06 
-254473 2.20894e+06 
1.30036e+06 3.91683e+06 
-6.32025e+06 4.27511e+06 
-5.54831e+06 -1.80105e+06 
-5.46616e+06 -3.60024e+06 
-4.48113e+06 -2.51899e+06 
-3.55867e+06 -1.11985e+06 
-2.64381e+06 320514 
-1.47559e+06 332719 
-1.36571e+06 1.73527e+06 
-593306 3.2716e+06 
1.78968e+06 3.94802e+06 
1.70038e+06 4.1649e+06 
1.77917e+06 4.58718e+06 
-3.52971e+06 4.6214e+06 
-2.57747e+06 1.4892e+06 
-538568 1.56204e+06 
-413470 3.48641e+06 
-5.6657e+06 3.58027e+06 
-6.07601e+06 -3.59246e+06 
-5.77226e+06 -3.39354e+06 
-4.76011e+06 -2.06086e+06 
-2.85678e+06 -443733 
-1.83711e+06 2.15135e+06 
-1.22067e+06 1.72061e+06 
-673943 2.42548e+06 
1.52861e+06 5.01996e+06 
2.47529e+06 5.09999e+06 
2.50729e+06 5.67448e+06 
-1.43189e+06 4.22601e+06 
-2.2676e+06 2.19216e+06 
-2.24705e+06 590914 
-421205 1.67652e+06 
-2.9171e+06 2.22038e+06 
-4.24417e+06 809142 
-6.23175e+06 -1.83228e+06 
-6.47325e+06 -3.90185e+06 
-5.0589e+06 -2.34242e+06 
-4.90031e+06 -1.4496e+06 
-3.26934e+06 718295 
-938263 2.45716e+06 
810440 5.42494e+06 
2.28237e+06 5.53698e+06 
2.95679e+06 6.54011e+06 
2.88325e+06 8.49256e+06 
-674855 3.63944e+06 
-669631 2.89538e+06 
-1.18928e+06 2.11827e+06 
-348110 1.16842e+06 
-4.29892e+06 1.35952e+06 
-4.57036e+06 -1.74329e+06 
-6.8887e+06 -3.74e+06 
-6.89349e+06 -4.05264e+06 
-6.54773e+06 -3.19203e+06 
-5.07025e+06 -1.72847e+06 
-3.73426e+06 525502 
-1.18176e+06 2.68707e+06 
2.22778e+06 5.43063e+06 
3.68781e+06 7.78999e+06 
3.98791e+06 9.91929e+06 
-497678 9.59939e+06 
1.08808e+06 7.21257e+06 
1.14088e+06 6.28428e+06 
-766270 4.17204e+06 
-896485 930863 
-5.37322e+06 440859 
-5.51249e+06 -3.78326e+06 
-7.92267e+06 -4.04837e+06 
-7.48188e+06 -5.1649e+06 
-7.10926e+06 -4.20213e+06 
-6.71458e+06 -2.28734e+06 
-5.33845e+06 -268437 
-1.60258e+06 2.90491e+06 
1.60829e+06 6.08719e+06 
4.18548e+06 1.0621e+07 
424770 1.34512e+07 
1.50469e+06 8.76194e+06 
5.53013e+06 1.30336e+07 
3.23861e+06 1.13669e+07 
260578 7.93034e+06 
-3.14707e+06 852774 
-6.36464e+06 78114.7 
-8.84795e+06 -4.13862e+06 
-1.01128e+07 -4.64659e+06 
-9.10504e+06 -6.6414e+06 
-9.06342e+06 -5.27929e+06 
-9.22779e+06 -4.24456e+06 
-6.77642e+06 -1.13106e+06 
-2.82122e+06 2.85367e+06 
-388192 5.42466e+06 
3.35256e+06 9.16919e+06 
2.46598e+06 1.25608e+07 
3.88762e+06 1.22898e+07 
9.47398e+06 1.91421e+07 
7.74215e+06 1.91422e+07 
-4.23062e+06 1.85304e+07 
-7.84211e+06 523472 
-7.89814e+06 -3.07692e+06 
-1.22148e+07 -4.4958e+06 
-1.21043e+07 -8.75312e+06 
-1.1622e+07 -7.53651e+06 
-1.23071e+07 -7.48303e+06 
-1.23466e+07 -6.0169e+06 
-8.64088e+06 -2.39208e+06 
-6.06827e+06 171482 
-1.62863e+06 3.40209e+06 
3.13442e+06 7.41768e+06 
7.24258e+06 1.14633e+07 
9.68049e+06 1.5717e+07 
1.41564e+07 2.15307e+07 
8.41951e+06 3.08064e+07 
-7.5816e+06 2.08455e+07 
-8.74688e+06 1.51672e+07 
-9.62461e+06 -3.44223e+06 
-1.12693e+07 -6.38935e+06 
-1.57788e+07 -9.30875e+06 
-1.70688e+07 -9.14797e+06 
-1.49708e+07 -9.25279e+06 
-1.23299e+07 -7.75083e+06 
-9.39154e+06 -5.12348e+06 
-6.50681e+06 -1.38555e+06 
-1.80936e+06 3.15856e+06 
2.69430e+06 7.39194e+06 
7.08958e+06 1.1623e+07 
1.13698e+07 1.60214e+07 
1.45021e+07 2.15402e+07 
6.15005e+06 2.89373e+07 
-4.50582e+06 2.67936e+07 
-6.55928e+06 1.55683e+07 
-1.05265e+07 -3.29371e+06 
-2.18465e+07 -1.40983e+06 
-1.98707e+07 -1.06788e+07 
-1.82026e+07 -1.13566e+07 
-1.54782e+07 -1.20071e+07 
-1.26192e+07 -8.69984e+06 
-1.00208e+07 -5.2328e+06 
-5.93667e+06 -1.51482e+06 
-1.72187e+06 2.77775e+06 
2.32195e+06 7.22029e+06 
6.54044e+06 1.1566e+07 
1.11162e+07 1.64631e+07 
1.20045e+07 1.88212e+07 
1.11449e+07 1.8773e+07 
5.88758e+06 1.80635e+07 
-7.25603e+06 1.52052e+07 
-5.12994e+06 -1.01154e+06 
-1.25251e+07 -1.16976e+06 
-1.62995e+07 -1.04366e+07 
-1.63068e+07 -1.10199e+07 
-1.40763e+07 -9.94217e+06 
-1.23616e+07 -8.40081e+06 
-9.41367e+06 -4.93619e+06 
-5.8974e+06 -1.43719e+06 
-1.96513e+06 2.55028e+06 
1.68809e+06 6.58877e+06 
5.34067e+06 1.11325e+07 
8.60983e+06 1.61594e+07 
8.6901e+06 1.43013e+07 
1.00662e+07 1.62349e+07 
-147028 1.34698e+07 
-2.70042e+06 1.2283e+07 
-2.75646e+06 -867881 
-1.16007e+07 -129651 
-1.15995e+07 -400647 
-1.27051e+07 -7.76045e+06 
-1.18441e+07 -7.08616e+06 
-1.1844e+07 -7.72896e+06 
-8.92189e+06 -3.82628e+06 
-5.64334e+06 -1.81208e+06 
-3.1113e+06 2.0438e+06 
1.0465e+06 5.42324e+06 
3.63163e+06 8.80239e+06 
6.31246e+06 1.26237e+07 
5.74177e+06 1.30524e+07 
8.90491e+06 1.37289e+07 
-2.83984e+06 1.82463e+07 
-3.08925e+06 7.5227e+06 
-2.46559e+06 -423359 
-4.87223e+06 1.19346e+06 
-9.13194e+06 1.75212e+06 
-8.95271e+06 -4.80184e+06 
-1.06492e+07 -5.13047e+06 
-1.10392e+07 -6.87142e+06 
-8.59531e+06 -4.02223e+06 
-4.42794e+06 -1.1252e+06 
-2.78659e+06 1.63982e+06 
-448202 3.96276e+06 
994950 7.34791e+06 
4.39753e+06 8.89827e+06 
5.51186e+06 9.88743e+06 
5.95144e+06 1.30633e+07 
712604 1.40481e+07 
-2.4203e+06 6.98659e+06 
-2.70326e+06 546932 
-2.64852e+06 357000 
-6.65261e+06 366756 
-7.04682e+06 -2.18479e+06 
-9.00602e+06 -4.47743e+06 
-8.54298e+06 -5.29096e+06 
-8.13511e+06 -4.03652e+06 
-4.48775e+06 -691359 
-2.2604e+06 1.36318e+06 
-1.02668e+06 2.6725e+06 
-74821.2 5.28681e+06 
2.67053e+06 7.59035e+06 
4.05781e+06 7.33816e+06 
3.99366e+06 8.15711e+06 
3.70437e+06 8.79974e+06 
-1.40808e+06 7.23948e+06 
-5.25713e+06 2.88563e+06 
-1.97065e+06 3.62815e+06 
-4.31394e+06 2.23967e+06 
-7.91931e+06 -1.00069e+06 
-8.86378e+06 -2.16027e+06 
-8.35228e+06 -4.04783e+06 
-6.08763e+06 -2.41043e+06 
-4.61861e+06 -1.96519e+06 
-3.73274e+06 97560.8 
-1.44531e+06 2.00614e+06 
550257 4.0089e+06 
2.20056e+06 6.87877e+06 
2.18797e+06 5.78292e+06 
2.151e+06 5.20244e+06 
2.47726e+06 7.10052e+06 
959052 7.24249e+06 
-1.54684e+06 3.87769e+06 
-3.24508e+06 6.50157e+06 
-9.26909e+06 6.25789e+06 
-7.33574e+06 -1.44865e+06 
-7.2518e+06 -2.47174e+06 
-6.29261e+06 -3.31821e+06 
-4.94781e+06 -339210 
-4.50512e+06 -35842.7 
-4.21152e+06 -1.15563e+06 
-1.83138e+06 1.44772e+06 
489336 3.99681e+06 
1.75921e+06 5.73123e+06 
1.89089e+06 4.84591e+06 
-112851 3.11977e+06 
535559 4.0279e+06 
1.12982e+06 4.00733e+06 
1.11e+06 3.8828e+06 
-3.26198e+06 6.50296e+06 
-5.33459e+06 813851 
-6.46092e+06 48870.5 
-5.64529e+06 -2.80124e+06 
-4.66607e+06 -2.56173e+06 
-4.26793e+06 -402382 
-3.59796e+06 -417620 
-3.12426e+06 358764 
-1.54658e+06 1.88373e+06 
-87604 3.99192e+06 
927644 4.2568e+06 
-1.77435e+06 5.43936e+06 
-2.13816e+06 2.11782e+06 
-1.10585e+06 2.49252e+06 
329533 2.98997e+06 
1.06129e+06 3.58702e+06 
-4.28015e+06 4.77137e+06 
-4.68431e+06 -779570 
-5.21437e+06 -948277 
-4.31869e+06 -2.85064e+06 
-4.01666e+06 -1.8572e+06 
-3.80022e+06 -710435 
-1.82376e+06 706784 
-1.66645e+06 1.41625e+06 
-541289 2.99059e+06 
201043 3.6988e+06 
1.36906e+06 5.07223e+06 
-3.43691e+06 7.70005e+06 
-3.27476e+06 2.08507e+06 
-2.12422e+06 1.6169e+06 
8606.03 1.6311e+06 
708540 3.20618e+06 
-4.282e+06 3.26378e+06 
-4.94234e+06 -1.41806e+06 
-5.48204e+06 -2.93723e+06 
-5.16415e+06 -2.37519e+06 
-4.37535e+06 -1.43477e+06 
-2.55506e+06 225950 
-1.7835e+06 1.524e+06 
-295777 2.86287e+06 
1.2525e+06 4.4352e+06 
1.92559e+06 6.39946e+06 
2.48697e+06 6.36286e+06 
-470842 5.69151e+06 
-572222 3.03786e+06 
-840046 3.00649e+06 
-415646 1.81973e+06 
-1.50032e+06 2.27881e+06 
-4.25981e+06 1.87775e+06 
-4.38359e+06 -236992 
-5.89539e+06 -3.12154e+06 
-5.97359e+06 -4.35368e+06 
-5.27026e+06 -2.60553e+06 
-4.5566e+06 -637101 
-3.18681e+06 2.12897e+06 
286380 5.39138e+06 
2.71364e+06 6.31628e+06 
1.76601e+06 7.9587e+06 
2.28272e+06 5.98118e+06 
-595904 7.89356e+06 
695511 4.07042e+06 
-1.1344e+06 4.41289e+06 
-359624 2.58605e+06 
-3.63595e+06 2.17331e+06 
-5.04156e+06 420639 
-5.32857e+06 -3.6683e+06 
-6.3972e+06 -3.88261e+06 
-6.56218e+06 -4.59505e+06 
-5.81921e+06 -3.47355e+06 
-5.1496e+06 -1.02056e+06 
-2.53188e+06 2.37853e+06 
401494 5.37678e+06 
3.32805e+06 7.69152e+06 
2.15046e+06 1.52827e+07 
-3.15325e+06 1.86013e+07 
-456419 1.28416e+07 
435786 1.0124e+07 
-141119 3.77571e+06 
265880 3.72276e+06 
-5.57648e+06 2.12925e+06 
-6.42185e+06 -3.30324e+06 
-7.55666e+06 -4.43093e+06 
-7.47672e+06 -5.10971e+06 
-6.86298e+06 -5.10999e+06 
-7.8576e+06 -3.87367e+06 
-6.31476e+06 -1.25549e+06 
-3.60893e+06 2.05325e+06 
-898906 5.10221e+06 
3.23418e+06 1.10198e+07 
2.82531e+06 1.16248e+07 
1.92921e+06 1.08207e+07 
6.55245e+06 1.53791e+07 
-3.30521e+06 1.75152e+07 
148506 9.67022e+06 
-3.07802e+06 4.34125e+06 
-4.99447e+06 466566 
-8.70674e+06 -2.67051e+06 
-9.78759e+06 -5.60595e+06 
-9.28895e+06 -6.55563e+06 
-1.21145e+07 -5.52185e+06 
-1.14835e+07 -5.37922e+06 
-8.96838e+06 -1.75852e+06 
-4.94335e+06 1.38438e+06 
-1.77768e+06 4.73017e+06 
2.29894e+06 9.16203e+06 
3.83676e+06 1.02308e+07 
4.17756e+06 1.10428e+07 
9.91396e+06 1.72275e+07 
8.35584e+06 1.82699e+07 
-7.47389e+06 2.51404e+07 
-7.85354e+06 1.41213e+07 
-6.60535e+06 -1.30507e+06 
-1.00237e+07 -2.6417e+06 
-1.14039e+07 -8.38388e+06 
-1.57067e+07 -7.24524e+06 
-1.56663e+07 -6.61397e+06 
-1.34168e+07 -7.00361e+06 
-9.56892e+06 -3.0142e+06 
-5.50631e+06 -417106 
-1.62921e+06 3.22865e+06 
2.35407e+06 7.40199e+06 
6.49623e+06 1.18393e+07 
9.37254e+06 1.57346e+07 
1.22642e+07 1.86842e+07 
1.34858e+07 2.30416e+07 
-7.59692e+06 2.31624e+07 
-9.64900e+06 1.99761e+07 
-1.03423e+07 1.91598e+07 
-1.09297e+07 -5.18817e+06 
-2.05149e+07 -8.36476e+06 
-2.004e+07 -1.08222e+07 
-1.62759e+07 -1.13376e+07 
-1.35223e+07 -8.75919e+06 
-1.00618e+07 -5.13363e+06 
-6.14993e+06 -1.38384e+06 
-2.12384e+06 3.03666e+06 
2.52725e+06 7.37124e+06 
6.97448e+06 1.15433e+07 
1.11667e+07 1.59651e+07 
1.11397e+07 1.73661e+07 
1.10808e+07 1.7319e+07 
1.25839e+07 1.69515e+07 
-7.50845e+06 2.64535e+07 
-1.92077e+07 2.79474e+07 
-2.23394e+07 -873238 
-2.41105e+07 -9.64967e+06 
-2.0123e+07 -1.41145e+07 
-1.63071e+07 -1.18293e+07 
-1.33981e+07 -9.49626e+06 
-1.01437e+07 -6.0203e+06 
-6.46688e+06 -1.65738e+06 
-2.22671e+06 2.54395e+06 
2.25494e+06 7.05534e+06 
6.53435e+06 1.1437e+07 
1.07493e+07 1.57982e+07 
9.64892e+06 1.50804e+07 
1.02027e+07 1.55067e+07 
1.07464e+07 1.49579e+07 
-3.8547e+06 1.51426e+07 
-4.56226e+06 8.47194e+06 
-1.23825e+07 -201079 
-1.83007e+07 -3.77061e+06 
-1.82292e+07 -1.10637e+07 
-1.43575e+07 -9.61264e+06 
-1.20755e+07 -9.06624e+06 
-9.96027e+06 -5.75915e+06 
-6.49371e+06 -1.88911e+06 
-2.2329e+06 2.27966e+06 
1.67144e+06 6.60888e+06 
5.30465e+06 1.09082e+07 
8.61958e+06 1.49012e+07 
6.84748e+06 1.30129e+07 
8.15746e+06 1.2316e+07 
7.93493e+06 1.21753e+07 
-2.09582e+06 1.21757e+07 
-2.00801e+06 1.97724e+06 
-1.01017e+07 117925 
-1.18735e+07 189528 
-1.32296e+07 -7.13668e+06 
-1.26404e+07 -8.00597e+06 
-1.11382e+07 -7.85541e+06 
-9.41091e+06 -4.60213e+06 
-6.02979e+06 -1.95197e+06 
-2.73943e+06 1.69827e+06 
383095 5.27626e+06 
3.47662e+06 8.73414e+06 
5.89289e+06 1.25944e+07 
4.66197e+06 1.05717e+07 
7.16434e+06 1.08935e+07 
5.60323e+06 1.10993e+07 
-2.1572e+06 8.58008e+06 
-2.14041e+06 1.11598e+06 
-1.09448e+06 1.35533e+06 
-1.02942e+07 2.52426e+06 
-1.02825e+07 -4.29452e+06 
-1.03749e+07 -4.64756e+06 
-9.47822e+06 -6.62206e+06 
-8.21646e+06 -3.97067e+06 
-4.96685e+06 -1.26367e+06 
-2.66661e+06 948934 
-1.18926e+06 3.74324e+06 
957018 6.09321e+06 
2.90835e+06 8.75275e+06 
3.89618e+06 8.73878e+06 
6.33924e+06 9.83602e+06 
6.29192e+06 1.15699e+07 
-4.75158e+06 1.03607e+07 
-2.9432e+06 -88514.4 
-1.77951e+06 1.17682e+06 
-6.4985e+06 1.33669e+06 
-6.34846e+06 -1.32155e+06 
-1.05907e+07 -1.14203e+06 
-9.82106e+06 -5.6516e+06 
-9.07241e+06 -4.12657e+06 
-6.05717e+06 -451250 
-4.2006e+06 2.09203e+06 
-1.56877e+06 1.29069e+06 
-812392 4.35821e+06 
1.66302e+06 5.77298e+06 
3.63498e+06 6.96847e+06 
4.2263e+06 8.5126e+06 
5.33058e+06 1.00655e+07 
-3.29677e+06 1.07862e+07 
-3.98887e+06 2.53205e+06 
-1.91064e+06 540477 
-3.25573e+06 -275035 
-4.93331e+06 -299770 
-7.06445e+06 -1.20481e+06 
-8.65754e+06 -4.80864e+06 
-8.62628e+06 -3.03042e+06 
-6.20722e+06 -2.09809e+06 
-3.65444e+06 -420286 
-1.46352e+06 674311 
-633203 2.48594e+06 
1.14476e+06 5.50896e+06 
2.54334e+06 5.9747e+06 
2.34392e+06 7.72388e+06 
2.53899e+06 7.92727e+06 
-3.04891e+06 1.0686e+07 
-2.96216e+06 2.41954e+06 
-1.61976e+06 1.94964e+06 
-2.72105e+06 1.03262e+06 
-4.5093e+06 1.38349e+06 
-6.66982e+06 -966723 
-6.31345e+06 -2.77542e+06 
-7.68193e+06 -1.46536e+06 
-7.54406e+06 -1.12394e+06 
-3.8387e+06 -324392 
-3.2986e+06 3.49918e+06 
-2.33737e+06 2.10331e+06 
1.26799e+06 5.15102e+06 
997048 6.07007e+06 
238183 4.57116e+06 
1.29789e+06 4.98386e+06 
-784058 6.10385e+06 
-318382 2.52241e+06 
-1.34704e+06 3.31489e+06 
-1.84556e+06 1.37041e+06 
-4.7484e+06 2.34207e+06 
-6.91934e+06 877990 
-6.77636e+06 -1.64529e+06 
-6.34558e+06 -1.57016e+06 
-7.08551e+06 1.3237e+06 
-4.17748e+06 323010 
-2.02848e+06 1.57922e+06 
-1.74264e+06 2.21292e+06 
649864 5.04162e+06 
-768974 5.06447e+06 
-1.03954e+06 2.65814e+06 
143218 3.79359e+06 
674594 3.82186e+06 
457623 2.55561e+06 
-2.03223e+06 3.32769e+06 
-2.9786e+06 1.29073e+06 
-4.44527e+06 326104 
-5.16274e+06 -2.35442e+06 
-7.16143e+06 -1.94616e+06 
-6.51107e+06 -1.57494e+06 
-3.98651e+06 1.72062e+06 
-3.21036e+06 1.6122e+06 
-1.6464e+06 3.36022e+06 
-1.09235e+06 2.90716e+06 
1.30602e+06 4.77773e+06 
-1.16091e+06 4.86722e+06 
-1.22486e+06 3.34488e+06 
-444320 2.65882e+06 
-149396 2.28353e+06 
772051 2.15989e+06 
-1.59911e+06 2.27031e+06 
-4.37012e+06 1.12034e+06 
-5.60102e+06 -1.63484e+06 
-6.00746e+06 -2.87256e+06 
-5.06684e+06 -2.47177e+06 
-4.80193e+06 -911382 
-3.19695e+06 1.39602e+06 
-169952 3.46344e+06 
-1.60182e+06 4.4466e+06 
-601529 6.13573e+06 
2.18192e+06 4.80618e+06 
-401359 6.97849e+06 
1.0144e+06 8.54561e+06 
-1.053e+06 9.10956e+06 
-386768 2.60359e+06 
733550 2.98228e+06 
-4.95689e+06 3.74641e+06 
-5.19057e+06 422931 
-7.41925e+06 -356204 
-6.41608e+06 -4.96864e+06 
-7.2251e+06 -3.34136e+06 
-6.03759e+06 -2.50982e+06 
-3.84529e+06 448106 
-1.104e+06 3.63671e+06 
1.20179e+06 5.89892e+06 
1.72105e+06 6.78157e+06 
2.6696e+06 7.20554e+06 
-347919 8.86825e+06 
1.04863e+06 6.08398e+06 
122028 6.63176e+06 
-402526 6.77322e+06 
-3.2645e+06 3.78676e+06 
-5.08113e+06 3.08309e+06 
-5.49077e+06 -2.27015e+06 
-7.38564e+06 -4.4504e+06 
-7.82855e+06 -4.93296e+06 
-8.44844e+06 -4.70234e+06 
-7.16438e+06 -2.36778e+06 
-4.1848e+06 633194 
-1.75871e+06 3.38436e+06 
1.65857e+06 6.28287e+06 
3.55564e+06 8.52575e+06 
4.34792e+06 8.57717e+06 
-858056 1.32772e+07 
1.38465e+06 7.06149e+06 
2.24665e+06 8.05777e+06 
369658 8.70298e+06 
-5.78814e+06 3.82429e+06 
-6.42836e+06 94854.9 
-7.12675e+06 -4.08594e+06 
-8.40364e+06 -5.09289e+06 
-9.58485e+06 -5.56872e+06 
-9.72114e+06 -5.31668e+06 
-8.97577e+06 -2.70794e+06 
-5.98101e+06 255399 
-2.34505e+06 3.52309e+06 
1.11117e+06 6.30361e+06 
4.45064e+06 8.74412e+06 
4.96155e+06 1.09939e+07 
5.0278e+06 1.34678e+07 
1.11138e+06 1.41016e+07 
2.68212e+06 9.86626e+06 
-1.11082e+06 1.09456e+07 
-4.17571e+06 3.404e+06 
-8.25625e+06 937790 
-1.05823e+07 -5.27353e+06 
-1.33715e+07 -6.61789e+06 
-1.43724e+07 -6.27831e+06 
-1.24505e+07 -6.4657e+06 
-1.11628e+07 -3.9054e+06 
-7.07263e+06 -1.13445e+06 
-2.84542e+06 2.95938e+06 
1.19215e+06 6.34099e+06 
5.18447e+06 1.04392e+07 
7.64809e+06 1.11501e+07 
9.42085e+06 1.42318e+07 
8.36757e+06 1.67686e+07 
3.70601e+06 1.80628e+07 
-3.83731e+06 1.54621e+07 
-4.94718e+06 1.30567e+07 
-9.49409e+06 1.58784e+06 
-2.04359e+07 -6.27669e+06 
-2.02792e+07 -7.83686e+06 
-1.84932e+07 -7.26201e+06 
-1.45631e+07 -9.16414e+06 
-1.08109e+07 -5.1301e+06 
-6.80691e+06 -1.23524e+06 
-2.71158e+06 2.57055e+06 
1.86963e+06 6.93471e+06 
6.24748e+06 1.10233e+07 
7.65675e+06 1.28856e+07 
1.09533e+07 1.4945e+07 
1.05532e+07 1.6646e+07 
1.08909e+07 1.78753e+07 
-4.06659e+06 1.94973e+07 
-1.01171e+07 2.00584e+07 
-2.80548e+07 1.99023e+07 
-2.19817e+07 -7.68808e+06 
-2.09104e+07 -1.43266e+07 
-1.90149e+07 -1.35381e+07 
-1.46813e+07 -9.73821e+06 
-1.08243e+07 -5.67977e+06 
-6.97978e+06 -1.7599e+06 
-2.67655e+06 2.56231e+06 
2.12838e+06 7.10723e+06 
6.81465e+06 1.16477e+07 
1.05123e+07 1.47827e+07 
9.34084e+06 1.45177e+07 
9.36084e+06 1.42014e+07 
1.13308e+07 1.50998e+07 
1.10954e+07 2.21998e+07 
-2.15963e+07 2.36755e+07 
-2.96313e+07 2.06736e+07 
-2.33635e+07 -9.65339e+06 
-2.00296e+07 -1.4563e+07 
-1.73909e+07 -1.21965e+07 
-1.4412e+07 -1.0068e+07 
-1.06488e+07 -6.27814e+06 
-7.40596e+06 -2.29709e+06 
-2.82908e+06 2.38653e+06 
2.11758e+06 7.09596e+06 
6.76954e+06 1.17347e+07 
1.06028e+07 1.51817e+07 
8.00273e+06 1.31146e+07 
8.39348e+06 1.25221e+07 
9.04073e+06 1.43297e+07 
2.32816e+06 1.42437e+07 
-2.84131e+06 1.25169e+07 
-1.17614e+07 1.92895e+06 
-1.83352e+07 -3.7952e+06 
-1.81827e+07 -8.05312e+06 
-1.54077e+07 -9.93268e+06 
-1.30181e+07 -9.4747e+06 
-1.015e+07 -5.92299e+06 
-7.33414e+06 -2.30707e+06 
-2.83986e+06 2.11822e+06 
1.55807e+06 6.80662e+06 
5.15636e+06 1.06151e+07 
7.87491e+06 1.31544e+07 
5.32326e+06 1.02865e+07 
7.11241e+06 1.07797e+07 
7.03193e+06 1.15322e+07 
1.40953e+06 1.04898e+07 
-153641 5.75961e+06 
-4.34373e+06 645428 
-1.18379e+07 -1.1161e+06 
-1.34417e+07 -4.74957e+06 
-1.32991e+07 -8.96955e+06 
-1.11542e+07 -7.89628e+06 
-9.95687e+06 -5.07139e+06 
-6.29445e+06 -2.14541e+06 
-2.98776e+06 1.48375e+06 
398122 5.30385e+06 
3.91204e+06 8.62446e+06 
5.35271e+06 9.66585e+06 
3.81711e+06 8.00199e+06 
6.24993e+06 9.42038e+06 
6.83558e+06 9.92093e+06 
-656260 8.47313e+06 
-845978 3.91017e+06 
-1.90665e+06 1.13898e+06 
-7.78365e+06 1.6883e+06 
-1.02278e+07 -3.33808e+06 
-1.03336e+07 -5.95258e+06 
-9.21799e+06 -6.20445e+06 
-8.33988e+06 -4.4677e+06 
-7.73624e+06 -1.95254e+06 
-3.37996e+06 509523 
-603914 4.30949e+06 
1.34275e+06 5.70923e+06 
2.07844e+06 7.14574e+06 
3.42334e+06 7.01782e+06 
5.71679e+06 9.08649e+06 
6.8385e+06 9.5489e+06 
-1.30361e+06 8.91466e+06 
-1.33346e+06 4.98514e+06 
-853507 1.5974e+06 
-8.96025e+06 4.95618e+06 
-6.70403e+06 -1.08224e+06 
-9.46654e+06 -2.12128e+06 
-1.09531e+07 -4.82539e+06 
-9.44881e+06 -4.56585e+06 
-7.27652e+06 -1.22481e+06 
-3.38041e+06 344080 
-751704 2.79866e+06 
175907 4.26905e+06 
1.47965e+06 4.51015e+06 
3.29982e+06 6.21034e+06 
5.066e+06 7.92735e+06 
4.44496e+06 9.33124e+06 
300515 8.55023e+06 
-1.2885e+06 5.77348e+06 
-2.15077e+06 3.05234e+06 
-3.50716e+06 1.35228e+06 
-3.92579e+06 72828.7 
-1.1976e+07 1.40831e+06 
-1.38761e+07 -4.30325e+06 
-9.3869e+06 -5.10211e+06 
-6.39829e+06 -2.31216e+06 
-3.35586e+06 -252088 
-2.22245e+06 1.20507e+06 
-246753 1.98829e+06 
1.04122e+06 3.78895e+06 
1.36008e+06 6.46066e+06 
2.34165e+06 7.35265e+06 
3.00253e+06 9.76701e+06 
-212527 6.42492e+06 
-1.2748e+06 4.79732e+06 
-1.26117e+06 1.16693e+06 
-2.23105e+06 1.41824e+06 
-3.35239e+06 503582 
-8.09732e+06 529827 
-8.67316e+06 -2.48722e+06 
-7.57507e+06 -3.23771e+06 
-5.71527e+06 -2.37584e+06 
-4.22618e+06 -928766 
-2.78263e+06 -27032.2 
-1.15178e+06 1.58638e+06 
1.17311e+06 5.20958e+06 
1.22315e+06 6.71379e+06 
1.70801e+06 5.22674e+06 
2.26921e+06 6.00517e+06 
-309493 5.98984e+06 
-159850 1.96268e+06 
401482 1.98393e+06 
-1.53405e+06 1.65751e+06 
-2.02442e+06 1.36139e+06 
-5.66462e+06 404936 
-9.61024e+06 -22186.6 
-9.34529e+06 -638897 
-7.96218e+06 -1.37725e+06 
-4.63907e+06 -1.61809e+06 
-2.66547e+06 646203 
-1.13056e+06 2.51481e+06 
990927 5.32186e+06 
1.50258e+06 3.95162e+06 
1.6737e+06 4.80185e+06 
1.9667e+06 5.54654e+06 
-408447 5.78956e+06 
-374956 2.34816e+06 
321928 2.7628e+06 
-1.95015e+06 1.99192e+06 
-4.68926e+06 613449 
-4.97077e+06 -1.21969e+06 
-7.82841e+06 -766812 
-1.07376e+07 1.75309e+06 
-8.33158e+06 -224654 
-4.45148e+06 1.15918e+06 
-2.64917e+06 1.89813e+06 
-410784 2.8744e+06 
1.28254e+06 4.02603e+06 
1.53196e+06 3.70134e+06 
1.4083e+06 7.18825e+06 
-239647 7.04368e+06 
-19711.1 4.73075e+06 
844286 2.78566e+06 
-408545 2.16988e+06 
-3.04216e+06 1.94536e+06 
-7.59736e+06 670701 
-6.93763e+06 -2.77549e+06 
-7.60588e+06 -3.38565e+06 
-6.33812e+06 -3.12159e+06 
-3.83254e+06 137089 
-1.83591e+06 3.40592e+06 
-1.21909e+06 4.88634e+06 
-193429 3.55526e+06 
1.51098e+06 4.27624e+06 
2.19677e+06 5.3529e+06 
3.42236e+06 8.21536e+06 
-1.54584e+06 9.50812e+06 
-1.28735e+06 5.42598e+06 
851560 5.19152e+06 
-2.25704e+06 4.39446e+06 
-4.7373e+06 2.34625e+06 
-6.66248e+06 -1.7121e+06 
-8.78316e+06 -3.98399e+06 
-8.80244e+06 -5.84372e+06 
-7.42995e+06 -3.55658e+06 
-4.80466e+06 -1.08814e+06 
-3.26253e+06 1.49725e+06 
-2.21849e+06 3.85524e+06 
543073 4.64409e+06 
1.90061e+06 4.71016e+06 
3.57974e+06 5.60018e+06 
4.48066e+06 6.84049e+06 
1.18581e+06 8.32678e+06 
-1.79178e+06 7.19092e+06 
-4.43798e+06 5.81512e+06 
-3.67582e+06 4.30108e+06 
-5.15626e+06 1.50634e+06 
-8.625e+06 -2.53901e+06 
-1.08672e+07 -5.45483e+06 
-1.06497e+07 -5.87727e+06 
-8.60432e+06 -3.55782e+06 
-5.72176e+06 -1.19495e+06 
-3.77759e+06 1.76305e+06 
-1.90134e+06 4.38286e+06 
1.69153e+06 6.45186e+06 
2.57637e+06 6.46084e+06 
4.03002e+06 9.02838e+06 
4.89802e+06 7.80899e+06 
5.63089e+06 8.55303e+06 
2.89189e+06 9.55437e+06 
-4.97214e+06 9.70314e+06 
-5.15196e+06 3.52884e+06 
-6.70606e+06 1.29475e+06 
-1.28094e+07 -2.349e+06 
-1.31924e+07 -6.37318e+06 
-1.3035e+07 -7.332e+06 
-1.01227e+07 -4.37141e+06 
-6.76744e+06 -1.80465e+06 
-4.11602e+06 1.70198e+06 
-246528 5.00066e+06 
2.51822e+06 8.44811e+06 
3.57993e+06 9.48908e+06 
5.3838e+06 1.12994e+07 
5.81963e+06 1.21278e+07 
6.29249e+06 1.09484e+07 
2.87988e+06 1.08848e+07 
-850326 1.10841e+07 
-5.69335e+06 5.06992e+06 
-1.63531e+07 5.14785e+06 
-2.02652e+07 -4.6925e+06 
-1.76311e+07 -7.83281e+06 
-1.55313e+07 -8.85498e+06 
-1.27055e+07 -6.16326e+06 
-7.60441e+06 -2.58284e+06 
-4.0755e+06 1.73108e+06 
186476 6.02376e+06 
3.6232e+06 9.69708e+06 
5.98289e+06 9.75941e+06 
8.39644e+06 1.28329e+07 
8.78954e+06 1.35442e+07 
8.76997e+06 1.36841e+07 
3.04265e+06 1.57608e+07 
-398872 2.31361e+07 
-7.68632e+06 1.68689e+07 
-3.7635e+07 1.88137e+07 
-3.26322e+07 -1.09358e+07 
-2.17353e+07 -1.27239e+07 
-1.70165e+07 -1.05101e+07 
-1.2471e+07 -6.84431e+06 
-7.31625e+06 -2.42126e+06 
-3.00377e+06 1.98115e+06 
1.17897e+06 6.75958e+06 
5.17405e+06 1.11692e+07 
6.76393e+06 1.12303e+07 
9.08678e+06 1.5597e+07 
7.93659e+06 1.39408e+07 
8.31619e+06 1.40799e+07 
1.04684e+07 1.73564e+07 
-1.29102e+06 2.50051e+07 
-3.23753e+07 2.59835e+07 
-3.25017e+07 2.35473e+07 
-3.05106e+07 -1.75936e+07 
-2.16012e+07 -1.46538e+07 
-1.68167e+07 -1.05441e+07 
-1.22106e+07 -6.90348e+06 
-7.29711e+06 -2.42587e+06 
-2.76402e+06 2.21747e+06 
1.82178e+06 7.16665e+06 
6.51367e+06 1.16631e+07 
8.3553e+06 1.53181e+07 
2.95885e+06 2.47694e+07 
7.2588e+06 1.3644e+07 
8.05364e+06 1.40873e+07 
1.04193e+07 1.69281e+07 
2.39719e+06 2.09189e+07 
-3.14373e+07 2.40389e+07 
-2.09588e+07 -8.89981e+06 
-2.08683e+07 -1.35745e+07 
-1.84875e+07 -1.31703e+07 
-1.6392e+07 -1.01933e+07 
-1.174e+07 -7.04361e+06 
-7.54762e+06 -2.58307e+06 
-2.87839e+06 2.17289e+06 
1.99511e+06 7.2516e+06 
6.61284e+06 1.21736e+07 
7.46661e+06 1.77441e+07 
6.71868e+06 1.05399e+07 
7.21791e+06 1.11784e+07 
8.19407e+06 1.21359e+07 
6.12071e+06 1.26006e+07 
782274 1.24423e+07 
-9.4883e+06 4.83323e+06 
-1.49981e+07 -3.37828e+06 
-1.73976e+07 -5.43176e+06 
-1.67708e+07 -1.12321e+07 
-1.45894e+07 -9.86405e+06 
-1.09113e+07 -6.48439e+06 
-7.46925e+06 -2.39364e+06 
-2.86888e+06 2.1571e+06 
1.57838e+06 7.00021e+06 
5.48461e+06 1.1789e+07 
5.39269e+06 1.27347e+07 
4.7829e+06 9.05087e+06 
6.57892e+06 9.07692e+06 
5.70438e+06 9.64721e+06 
3.89539e+06 8.96124e+06 
366427 6.33475e+06 
-4.32589e+06 2.98807e+06 
-7.47153e+06 -1.94656e+06 
-1.40788e+07 -2.7006e+06 
-1.44178e+07 -9.37257e+06 
-1.3072e+07 -8.22767e+06 
-1.04175e+07 -5.95096e+06 
-6.84881e+06 -2.01934e+06 
-2.84448e+06 1.92308e+06 
503293 6.57782e+06 
4.099e+06 8.63924e+06 
4.61457e+06 8.21767e+06 
3.63611e+06 6.93198e+06 
6.15854e+06 8.81658e+06 
5.00047e+06 8.66813e+06 
3.48811e+06 7.19429e+06 
-291640 5.91291e+06 
-2.8945e+06 4.71976e+06 
-4.68324e+06 -583293 
-9.89296e+06 -2.49729e+06 
-1.29137e+07 -4.58668e+06 
-1.13483e+07 -6.23477e+06 
-9.20326e+06 -5.33666e+06 
-7.61909e+06 -2.4501e+06 
-3.34672e+06 1.63047e+06 
329367 4.31082e+06 
2.93751e+06 7.09766e+06 
2.09578e+06 6.67203e+06 
3.13041e+06 6.65983e+06 
5.72855e+06 8.13068e+06 
5.10634e+06 8.20005e+06 
3.70426e+06 7.2575e+06 
-151097 6.31925e+06 
-2.89138e+06 5.00425e+06 
-3.60164e+06 -356662 
-5.3875e+06 -1.51905e+06 
-1.1151e+07 -1.98016e+06 
-1.10355e+07 -6.04489e+06 
-9.34976e+06 -5.53025e+06 
-7.31895e+06 -2.44503e+06 
-3.29744e+06 812883 
-499385 3.64683e+06 
641737 4.75164e+06 
1.82045e+06 4.30495e+06 
2.99324e+06 5.9519e+06 
5.0582e+06 7.4687e+06 
4.32254e+06 9.38416e+06 
3.18124e+06 6.72494e+06 
211491 5.57487e+06 
-2.99803e+06 4.62867e+06 
-4.01096e+06 1.51311e+06 
-3.64514e+06 -284932 
-1.10426e+07 1.38469e+06 
-1.10296e+07 -7.69997e+06 
-9.14719e+06 -5.25536e+06 
-6.56955e+06 -1.78411e+06 
-3.38856e+06 -161703 
-2.23281e+06 1.43691e+06 
-67882.1 3.35268e+06 
915469 3.6061e+06 
2.60872e+06 5.52114e+06 
3.45028e+06 7.31472e+06 
3.54335e+06 1.03258e+07 
1.60602e+06 6.8859e+06 
-1.14083e+06 6.59318e+06 
-1.20573e+06 2.37656e+06 
-3.15589e+06 1.63526e+06 
-3.44613e+06 1.28593e+06 
-1.02698e+07 -97768.3 
-1.03388e+07 -5.75186e+06 
-8.42534e+06 -3.57528e+06 
-5.48518e+06 -1.79111e+06 
-5.15512e+06 -1.26233e+06 
-3.08208e+06 235068 
-704587 3.12083e+06 
271329 4.09749e+06 
1.42032e+06 4.98666e+06 
2.74854e+06 7.29872e+06 
4.23237e+06 6.29872e+06 
63083.5 6.1025e+06 
-2.22021e+06 5.10466e+06 
-435498 1.54874e+06 
-539533 2.24732e+06 
-3.22729e+06 1.80375e+06 
-6.80623e+06 -333261 
-8.11439e+06 -3.50108e+06 
-7.81309e+06 -3.18488e+06 
-6.39278e+06 -1.91429e+06 
-5.35945e+06 -2.13401e+06 
-3.47479e+06 571307 
-1.02484e+06 2.32161e+06 
-651742 3.9548e+06 
1.3335e+06 3.94205e+06 
2.76993e+06 5.75365e+06 
4.16629e+06 7.52279e+06 
-387767 8.46232e+06 
-1.81814e+06 6.67974e+06 
-493583 1.91659e+06 
-1.78091e+06 4.94315e+06 
-6.1791e+06 5.09736e+06 
-8.44403e+06 -1.27038e+06 
-8.23945e+06 -4.03876e+06 
-7.27887e+06 -2.40511e+06 
-6.80852e+06 -786455 
-7.0061e+06 838159 
-3.52947e+06 554882 
-1.24673e+06 2.61945e+06 
-554795 2.77883e+06 
1.43246e+06 3.71162e+06 
3.24812e+06 7.31983e+06 
896440 8.41542e+06 
347819 1.31689e+07 
-2.82588e+06 9.60099e+06 
-919112 2.72973e+06 
-3.03685e+06 5.83417e+06 
-6.5405e+06 5.74802e+06 
-9.07441e+06 -3.38784e+06 
-9.14774e+06 -5.74096e+06 
-6.91835e+06 -3.54929e+06 
-4.69631e+06 -762207 
-3.41956e+06 1.11316e+06 
-2.36778e+06 2.48367e+06 
-304551 3.2853e+06 
330337 3.60128e+06 
856899 5.28047e+06 
3.18308e+06 6.20488e+06 
4.65937e+06 6.84574e+06 
4.28076e+06 6.79223e+06 
2.31101e+06 6.90573e+06 
1.21628e+06 7.01232e+06 
-2.79028e+06 6.02940e+06 
-5.18792e+06 3.39572e+06 
-1.13461e+07 -3.19851e+06 
-1.16225e+07 -7.01794e+06 
-1.02588e+07 -4.47332e+06 
-7.80492e+06 -2.49622e+06 
-6.19864e+06 -1.832e+06 
-3.50388e+06 1.4924e+06 
35502 4.00965e+06 
995285 5.38478e+06 
2.41164e+06 5.5217e+06 
3.96204e+06 7.31209e+06 
5.02883e+06 6.61508e+06 
4.35676e+06 8.81852e+06 
3.40129e+06 8.67064e+06 
1.37197e+06 7.71821e+06 
-2.7435e+06 8.47238e+06 
-1.25865e+07 3.12748e+06 
-1.55331e+07 -3.18028e+06 
-1.31699e+07 -7.59356e+06 
-1.01541e+07 -4.81575e+06 
-8.53549e+06 -2.32669e+06 
-6.46416e+06 -486760 
-3.40503e+06 2.34259e+06 
501668 5.53736e+06 
1.92464e+06 5.8277e+06 
3.78364e+06 6.99893e+06 
5.39807e+06 8.14385e+06 
5.33743e+06 8.40654e+06 
5.73406e+06 9.86168e+06 
2.71944e+06 1.03472e+07 
980748 7.2341e+06 
-3.91563e+06 9.09435e+06 
-2.16861e+07 1.1469e+07 
-1.9203e+07 -8.91683e+06 
-1.4044e+07 -8.78095e+06 
-1.01554e+07 -5.61207e+06 
-8.78444e+06 -3.66791e+06 
-5.95169e+06 -2655.63 
-3.14756e+06 3.48773e+06 
973170 6.51161e+06 
3.26829e+06 6.9689e+06 
6.24248e+06 1.01971e+07 
6.63308e+06 1.07409e+07 
6.82386e+06 1.07863e+07 
7.3632e+06 1.04939e+07 
671739 1.16703e+07 
402233 6.50267e+06 
-2.4212e+07 7.94204e+06 
-2.69792e+07 7.55094e+06 
-1.90022e+07 -1.17546e+07 
-1.64194e+07 -9.3828e+06 
-1.23176e+07 -3.5054e+06 
-1.08116e+07 -2.92942e+06 
-5.55843e+06 993822 
-1.71423e+06 4.87732e+06 
1.78619e+06 6.73088e+06 
4.97069e+06 9.06722e+06 
8.07824e+06 1.19134e+07 
9.48647e+06 1.4614e+07 
7.21169e+06 1.50138e+07 
7.85559e+06 1.57195e+07 
1.2675e+06 2.04331e+07 
-6.61146e+06 1.68401e+07 
-5.04169e+07 2.0987e+07 
-3.46803e+07 -7.92822e+06 
-2.51395e+07 -1.40023e+07 
-1.85166e+07 -1.16782e+07 
-1.2356e+07 -7.12403e+06 
-7.31063e+06 -2.57858e+06 
-3.11697e+06 1.66725e+06 
-13412.1 6.41343e+06 
3.88223e+06 9.39246e+06 
5.65817e+06 9.98579e+06 
9.39708e+06 1.42833e+07 
1.55232e+06 1.59077e+07 
5.73079e+06 1.80061e+07 
7.72975e+06 1.59815e+07 
1.21038e+06 2.14702e+07 
-1.80182e+07 1.79884e+07 
-3.5918e+07 2.28836e+07 
-3.14016e+07 -1.25648e+07 
-2.50037e+07 -1.54398e+07 
-1.85103e+07 -1.1538e+07 
-1.26724e+07 -7.12635e+06 
-7.40196e+06 -2.61515e+06 
-3.18404e+06 1.90377e+06 
639972 6.70079e+06 
5.05513e+06 1.05206e+07 
8.70049e+06 1.29585e+07 
5.46e+06 2.22287e+07 
795086 1.94365e+07 
6.84392e+06 1.15047e+07 
7.93217e+06 1.26437e+07 
4.90559e+06 1.63501e+07 
-1.71363e+07 1.63314e+07 
-2.04342e+07 -3.57997e+06 
-2.26951e+07 -1.3765e+07 
-1.84547e+07 -1.34511e+07 
-1.77801e+07 -1.10961e+07 
-1.26571e+07 -7.06945e+06 
-7.3602e+06 -2.53212e+06 
-2.97051e+06 2.10913e+06 
903387 6.71374e+06 
5.34563e+06 1.05625e+07 
9.34754e+06 1.38554e+07 
6.32136e+06 1.13422e+07 
7.34014e+06 9.9148e+06 
7.94334e+06 1.12081e+07 
6.10626e+06 1.18905e+07 
3.24609e+06 1.28676e+07 
-9.57149e+06 1.17795e+07 
-1.44628e+07 -3.45609e+06 
-1.88249e+07 -3.76323e+06 
-1.75007e+07 -1.30374e+07 
-1.47316e+07 -9.40166e+06 
-1.15562e+07 -5.96501e+06 
-7.20108e+06 -2.43049e+06 
-2.94286e+06 2.1644e+06 
1.54967e+06 6.94289e+06 
2.99791e+06 1.06731e+07 
2.69248e+06 1.09631e+07 
4.74476e+06 7.77858e+06 
6.65856e+06 8.70267e+06 
5.10663e+06 9.27445e+06 
4.65957e+06 8.75752e+06 
2.14015e+06 7.24552e+06 
-4.4414e+06 5.25646e+06 
-5.97811e+06 -1.55495e+06 
-1.81277e+07 -1.51828e+06 
-1.77078e+07 -1.06984e+07 
-1.34588e+07 -8.98433e+06 
-1.0318e+07 -5.91721e+06 
-6.52469e+06 -2.20812e+06 
-2.93712e+06 2.06027e+06 
1.45535e+06 6.97246e+06 
4.02205e+06 1.18788e+07 
4.24424e+06 7.16318e+06 
3.77413e+06 8.23392e+06 
4.63617e+06 9.42198e+06 
3.60626e+06 7.55283e+06 
3.58029e+06 5.59706e+06 
2.13514e+06 5.54131e+06 
-3.41696e+06 4.7207e+06 
-3.17811e+06 1.70673e+06 
-1.4842e+07 5.32234e+06 
-1.4725e+07 -5.28527e+06 
-1.32438e+07 -9.01416e+06 
-9.5002e+06 -5.92157e+06 
-6.23296e+06 -2.30182e+06 
-2.70536e+06 2.07428e+06 
928162 5.0487e+06 
3.50956e+06 6.97635e+06 
3.23585e+06 6.70135e+06 
3.63013e+06 7.58397e+06 
5.95888e+06 8.36709e+06 
3.67983e+06 8.05684e+06 
1.98647e+06 6.6824e+06 
3.1631e+06 6.24535e+06 
-3.82707e+06 5.0925e+06 
-2.96483e+06 1.69696e+06 
-1.46182e+07 3.39729e+06 
-1.54057e+07 -1.9543e+06 
-1.30576e+07 -9.25896e+06 
-9.82272e+06 -5.99785e+06 
-6.19894e+06 -2.15177e+06 
-2.66058e+06 1.41366e+06 
-405957 4.05051e+06 
841050 4.74947e+06 
2.99065e+06 6.02263e+06 
2.99704e+06 6.11551e+06 
5.37112e+06 7.26308e+06 
5.20662e+06 7.34539e+06 
2.77512e+06 6.8206e+06 
2.5233e+06 5.29067e+06 
-1.81323e+06 5.2675e+06 
-1.58655e+06 2.14308e+06 
-2.98789e+06 2.10499e+06 
-1.41027e+07 2.73454e+06 
-1.28997e+07 -8.6279e+06 
-9.79255e+06 -5.62969e+06 
-6.06325e+06 -1.61853e+06 
-3.49596e+06 590193 
-2.31171e+06 1.10191e+06 
320123 3.44692e+06 
1.63818e+06 4.89404e+06 
2.20266e+06 5.49018e+06 
4.3192e+06 7.31477e+06 
4.87695e+06 7.35946e+06 
3.68233e+06 6.3769e+06 
1.76238e+06 5.24142e+06 
-92747.9 3.40628e+06 
252890 3.39886e+06 
-1.6898e+06 3.82408e+06 
-1.58462e+07 4.40268e+06 
-1.18047e+07 -7.02722e+06 
-9.16832e+06 -4.18616e+06 
-5.82524e+06 -1.59358e+06 
-4.43172e+06 -902669 
-2.88111e+06 536222 
-912338 2.60313e+06 
628893 2.99262e+06 
1.39443e+06 4.85457e+06 
3.09886e+06 7.3573e+06 
4.53963e+06 6.60732e+06 
4.53993e+06 6.24497e+06 
-43329.9 5.96387e+06 
-26544.5 3.67656e+06 
728955 3.52655e+06 
-4.76802e+06 3.83304e+06 
-1.00774e+07 -1.29947e+06 
-9.80533e+06 -4.52323e+06 
-7.84464e+06 -3.83914e+06 
-5.01728e+06 -1.33084e+06 
-4.32402e+06 -1.0247e+06 
-4.15629e+06 87054.5 
-2.72494e+06 953731 
-382378 2.47242e+06 
923360 3.99277e+06 
2.74883e+06 5.33742e+06 
4.89822e+06 7.13727e+06 
4.97174e+06 6.64455e+06 
-9867.21 6.36877e+06 
-93561.6 4.77417e+06 
1.4153e+06 5.23507e+06 
-5.63438e+06 6.49627e+06 
-8.84132e+06 -2.96469e+06 
-8.55149e+06 -4.93416e+06 
-7.56624e+06 -4.01015e+06 
-5.82793e+06 -1.02847e+06 
-9.4281e+06 1.95533e+06 
-5.30558e+06 -315877 
-2.6671e+06 690021 
-323252 1.70484e+06 
722938 3.50551e+06 
2.90784e+06 6.16903e+06 
5.30514e+06 7.28474e+06 
4.28104e+06 6.79978e+06 
1.17883e+06 6.35983e+06 
-41909 5.95514e+06 
-2.32117e+06 5.90766e+06 
-5.37592e+06 7.11583e+06 
-9.9855e+06 -3.29574e+06 
-9.41698e+06 -6.52576e+06 
-9.20206e+06 -3.93328e+06 
-7.2114e+06 -2.95877e+06 
-5.55412e+06 -2.23681e+06 
-3.26278e+06 432528 
-597299 2.97908e+06 
465813 3.56288e+06 
767861 4.65163e+06 
2.62149e+06 5.37075e+06 
4.92871e+06 6.39478e+06 
5.82393e+06 7.1427e+06 
5.92121e+06 9.14159e+06 
3.23805e+06 9.80817e+06 
1.25532e+06 9.30774e+06 
-7.12069e+06 4.48888e+06 
-1.56592e+07 -2.29207e+06 
-1.41774e+07 -8.45798e+06 
-1.16612e+07 -7.00827e+06 
-9.68122e+06 -5.63808e+06 
-6.79376e+06 -3.31988e+06 
-3.55165e+06 392951 
-310808 3.8591e+06 
717119 5.39346e+06 
1.91772e+06 7.2959e+06 
1.93144e+06 6.94404e+06 
4.32694e+06 6.37091e+06 
5.79579e+06 9.02117e+06 
5.55842e+06 9.43522e+06 
5.04811e+06 9.82587e+06 
-2.38821e+06 1.31204e+07 
-2.0373e+07 1.06011e+07 
-3.00722e+07 -1.15713e+06 
-1.53717e+07 -4.45348e+06 
-2.16827e+07 158486 
-1.08426e+07 -5.66804e+06 
-7.05168e+06 -3.17694e+06 
-3.41321e+06 797359 
-17794.7 4.26268e+06 
2.61278e+06 5.32528e+06 
4.60448e+06 7.31608e+06 
4.16934e+06 7.71824e+06 
4.46413e+06 7.64737e+06 
5.83478e+06 9.65823e+06 
4.75578e+06 9.91093e+06 
1.45842e+06 8.29114e+06 
-3.64963e+06 9.91453e+06 
-2.62562e+07 1.58933e+07 
-2.03405e+07 -1.05791e+07 
-1.35245e+07 -7.08694e+06 
-1.23022e+07 -5.13132e+06 
-1.15383e+07 -3.79582e+06 
-6.73779e+06 -1.99114e+06 
-3.42201e+06 1.64632e+06 
596749 4.86253e+06 
3.1024e+06 6.79901e+06 
6.20046e+06 1.06015e+07 
5.64556e+06 1.06144e+07 
5.69736e+06 9.65932e+06 
7.16632e+06 1.02396e+07 
4.73235e+06 1.08049e+07 
-6.25421e+06 5.77009e+06 
-6.52335e+06 7.14792e+06 
-1.74671e+07 -477802 
-1.6541e+07 -1.05887e+07 
-1.37182e+07 -8.01504e+06 
-1.1527e+07 -6.38068e+06 
-7.26367e+06 -2.97772e+06 
-5.50176e+06 -159774 
-2.29477e+06 3.84347e+06 
1.22085e+06 5.47855e+06 
3.90513e+06 8.08303e+06 
7.41811e+06 1.19457e+07 
8.14698e+06 1.47527e+07 
4.88142e+06 1.63302e+07 
6.56198e+06 1.16347e+07 
-6.61679e+06 1.22996e+07 
-7.78565e+06 6.07535e+06 
-1.21991e+07 1.01583e+06 
-1.93247e+07 -6.09001e+06 
-1.8805e+07 -1.12043e+07 
-1.53236e+07 -9.03751e+06 
-1.18334e+07 -6.66878e+06 
-7.30762e+06 -2.88868e+06 
-3.4707e+06 538367 
-229717 4.85384e+06 
3.60937e+06 8.58924e+06 
4.88726e+06 9.41801e+06 
9.27796e+06 1.38739e+07 
9.53895e+06 1.50788e+07 
4.97001e+06 1.91181e+07 
5.79248e+06 1.69333e+07 
-8.52004e+06 1.24506e+07 
-9.83326e+06 1.07791e+07 
-1.41674e+07 -5.61082e+06 
-1.97483e+07 -9.90918e+06 
-1.93142e+07 -1.0798e+07 
-1.54713e+07 -1.00192e+07 
-1.20166e+07 -6.53542e+06 
-7.37861e+06 -2.64206e+06 
-3.48695e+06 782130 
502337 5.26012e+06 
4.64297e+06 9.35538e+06 
7.89552e+06 1.1009e+07 
9.45852e+06 1.41387e+07 
8.80329e+06 1.45327e+07 
5.97508e+06 1.07527e+07 
6.43886e+06 1.09e+07 
5.48298e+06 1.18739e+07 
-9.29435e+06 1.18845e+07 
-2.55065e+07 1.85595e+06 
-2.01226e+07 -1.08726e+07 
-1.83637e+07 -1.22783e+07 
-1.51961e+07 -9.91366e+06 
-1.22781e+07 -6.62336e+06 
-7.32249e+06 -2.56674e+06 
-2.97813e+06 1.41864e+06 
690632 5.51126e+06 
5.07173e+06 9.51855e+06 
8.77382e+06 1.12979e+07 
6.66269e+06 1.09363e+07 
7.71968e+06 1.10599e+07 
6.71147e+06 1.04098e+07 
7.10564e+06 9.90604e+06 
5.624e+06 1.15372e+07 
-1.12017e+07 1.50754e+07 
-2.57717e+07 -1.03061e+06 
-1.99414e+07 -4.69115e+06 
-1.74264e+07 -1.23209e+07 
-1.3553e+07 -9.18029e+06 
-1.14504e+07 -6.08114e+06 
-7.17958e+06 -2.47998e+06 
-2.64851e+06 1.96976e+06 
1.37917e+06 6.24344e+06 
5.29571e+06 9.27227e+06 
6.54613e+06 1.0032e+07 
5.85619e+06 9.00777e+06 
6.35467e+06 8.78259e+06 
5.03739e+06 8.7087e+06 
5.23126e+06 8.43379e+06 
3.53066e+06 7.65617e+06 
-7.26218e+06 9.58223e+06 
-1.12611e+07 -1.0728e+06 
-1.76176e+07 -1.23279e+06 
-1.67973e+07 -1.18718e+07 
-1.3266e+07 -8.68742e+06 
-9.36423e+06 -5.89014e+06 
-6.41855e+06 -2.21499e+06 
-2.51823e+06 2.01418e+06 
1.61606e+06 6.34955e+06 
5.13701e+06 8.33024e+06 
5.61722e+06 9.22574e+06 
5.43721e+06 1.07802e+07 
1.8148e+06 1.27343e+07 
3.6176e+06 7.05167e+06 
2.83121e+06 7.79285e+06 
417988 5.52621e+06 
-4.58946e+06 3.80757e+06 
-4.25064e+06 1.83908e+06 
-2.04229e+07 8.26942e+06 
-1.75069e+07 -1.17505e+07 
-1.334e+07 -8.35034e+06 
-9.39871e+06 -6.01211e+06 
-6.60442e+06 -2.27156e+06 
-3.5532e+06 1.98016e+06 
504300 5.19832e+06 
3.64701e+06 7.79829e+06 
4.13711e+06 9.47658e+06 
4.93778e+06 9.19791e+06 
4.8789e+06 8.73065e+06 
3.71973e+06 8.13306e+06 
1.26942e+06 8.85922e+06 
412725 4.97435e+06 
-2.35159e+06 4.91141e+06 
-1.82803e+06 1.79252e+06 
-1.92725e+07 5.49628e+06 
-1.85417e+07 -1.54311e+06 
-1.32229e+07 -8.16916e+06 
-9.74523e+06 -6.09913e+06 
-6.94554e+06 -2.28251e+06 
-3.48595e+06 1.41216e+06 
-80384.6 4.1631e+06 
962464 6.36875e+06 
3.53125e+06 8.1984e+06 
3.11831e+06 6.54278e+06 
3.70791e+06 6.9784e+06 
3.8899e+06 6.87299e+06 
2.20404e+06 7.25953e+06 
2.64355e+06 5.22084e+06 
-459264 5.10812e+06 
-425984 3.7147e+06 
-7.60107e+06 2.15567e+06 
-1.47264e+07 2.50181e+06 
-1.28851e+07 -9.18106e+06 
-9.76771e+06 -5.99175e+06 
-6.72848e+06 -2.28382e+06 
-3.02906e+06 1.17924e+06 
-1.37262e+06 3.45142e+06 
442931 4.50675e+06 
2.52842e+06 6.28452e+06 
2.20892e+06 5.67357e+06 
2.62347e+06 5.96366e+06 
3.97873e+06 5.99063e+06 
3.46039e+06 6.50456e+06 
3.01098e+06 5.8604e+06 
1.11044e+06 4.80012e+06 
1.28171e+06 4.18852e+06 
-1.01999e+07 4.4445e+06 
-1.5619e+07 4.53564e+06 
-1.1975e+07 -7.97695e+06 
-9.71189e+06 -5.20418e+06 
-6.61022e+06 -2.7071e+06 
-4.01879e+06 -941788 
-1.62784e+06 919690 
-584805 3.36514e+06 
1.04955e+06 4.52778e+06 
1.46926e+06 4.21211e+06 
2.57153e+06 4.95504e+06 
4.293e+06 6.49961e+06 
4.91965e+06 6.41785e+06 
2.81302e+06 7.42702e+06 
1.52666e+06 6.20699e+06 
2.16331e+06 5.21983e+06 
-1.03648e+07 4.27258e+06 
-1.07481e+07 -1.75907e+06 
-1.11375e+07 -7.15293e+06 
-8.51477e+06 -4.54213e+06 
-6.46783e+06 -2.54162e+06 
-3.77618e+06 -5576.23 
-5.25669e+06 267210 
-2.79697e+06 1.41144e+06 
11790.9 2.99947e+06 
652198 3.0891e+06 
2.61751e+06 5.27265e+06 
4.79486e+06 6.60195e+06 
5.44535e+06 6.41373e+06 
4.03363e+06 7.96178e+06 
1.95478e+06 9.20136e+06 
2.32124e+06 5.01682e+06 
-9.0693e+06 4.91028e+06 
-1.05837e+07 -4.94161e+06 
-1.04551e+07 -7.06278e+06 
-8.8989e+06 -4.75961e+06 
-6.49605e+06 -2.49922e+06 
-4.19427e+06 160723 
-5.46598e+06 -476431 
-2.6857e+06 1.61233e+06 
198728 2.26962e+06 
480557 3.03635e+06 
2.6882e+06 5.38259e+06 
4.89359e+06 6.56208e+06 
5.70126e+06 6.75236e+06 
4.95746e+06 8.63627e+06 
1.99146e+06 9.81137e+06 
2.35419e+06 5.76828e+06 
-8.58364e+06 4.88172e+06 
-1.05774e+07 -4.78496e+06 
-1.05583e+07 -7.61252e+06 
-1.03011e+07 -5.64197e+06 
-8.36988e+06 -3.79443e+06 
-6.02784e+06 -3.23513e+06 
-3.9529e+06 22717.9 
-1.03863e+06 3.16645e+06 
658761 3.81776e+06 
1.31107e+06 4.65086e+06 
2.64832e+06 6.06035e+06 
4.81712e+06 6.80614e+06 
5.03667e+06 7.02079e+06 
5.92881e+06 9.00143e+06 
6.79466e+06 1.07427e+07 
-32780.3 1.45245e+07 
-1.90677e+07 1.85852e+07 
-1.41936e+07 -3.13391e+06 
-1.39097e+07 -8.31304e+06 
-1.24948e+07 -8.13708e+06 
-9.71654e+06 -5.55935e+06 
-6.77553e+06 -3.27242e+06 
-3.56199e+06 -75969.6 
-634951 3.1683e+06 
1.75411e+06 4.83724e+06 
2.01422e+06 7.20789e+06 
2.02611e+06 5.6089e+06 
4.67523e+06 6.8034e+06 
5.9507e+06 7.94865e+06 
6.22429e+06 9.07656e+06 
5.87862e+06 1.05735e+07 
-6.10093e+06 1.73092e+07 
-1.35095e+07 1.21834e+07 
-1.41562e+07 -1.96105e+06 
-1.64114e+07 -6.00451e+06 
-1.28241e+07 -6.18287e+06 
-1.06087e+07 -5.52564e+06 
-6.92616e+06 -2.92881e+06 
-3.64525e+06 437316 
-707006 3.33649e+06 
2.55033e+06 5.3125e+06 
4.26616e+06 6.69193e+06 
4.22508e+06 7.29251e+06 
4.86182e+06 7.19460e+06 
6.40353e+06 8.99324e+06 
6.04144e+06 8.99701e+06 
-4.64021e+06 8.68012e+06 
-4.9505e+06 1.01696e+07 
-1.17276e+07 -2.61952e+06 
-1.28742e+07 -5.45762e+06 
-1.10557e+07 -5.028e+06 
-9.68351e+06 -4.47581e+06 
-9.25072e+06 -4.54359e+06 
-6.23638e+06 -1.46736e+06 
-3.00127e+06 1.0665e+06 
-605095 3.74097e+06 
2.56458e+06 6.6121e+06 
5.30711e+06 1.02123e+07 
5.55603e+06 1.04593e+07 
5.71465e+06 8.09949e+06 
7.0324e+06 9.64906e+06 
-2.07952e+06 9.80547e+06 
-7.21586e+06 7.39539e+06 
-6.63246e+06 -12764.8 
-1.221e+07 -4.01924e+06 
-1.24412e+07 -7.67825e+06 
-1.10529e+07 -5.43811e+06 
-9.0148e+06 -4.42037e+06 
-6.51848e+06 -2.83199e+06 
-5.1605e+06 -150292 
-2.14958e+06 3.48541e+06 
352655 4.83552e+06 
2.92155e+06 7.2989e+06 
7.22542e+06 1.17544e+07 
7.66507e+06 1.36113e+07 
6.85735e+06 1.36165e+07 
7.35077e+06 1.08219e+07 
-1.17788e+07 1.1667e+07 
-9.78239e+06 6.01406e+06 
-9.78369e+06 -3.98889e+06 
-1.24957e+07 -6.51383e+06 
-1.37442e+07 -6.66091e+06 
-1.24183e+07 -6.65793e+06 
-1.01304e+07 -4.99506e+06 
-6.67128e+06 -2.20229e+06 
-2.95409e+06 985342 
-148081 4.73404e+06 
3.11917e+06 7.88451e+06 
4.25741e+06 9.67244e+06 
9.56334e+06 1.42315e+07 
9.14724e+06 1.89678e+07 
1.93456e+06 1.51906e+07 
4.43257e+06 1.20449e+07 
-1.4325e+07 1.86183e+07 
-1.0376e+07 2.35202e+06 
-1.07072e+07 -6.25047e+06 
-1.30855e+07 -8.84807e+06 
-1.47327e+07 -6.81706e+06 
-1.2929e+07 -6.64593e+06 
-1.01249e+07 -5.71622e+06 
-6.57889e+06 -2.20585e+06 
-2.85393e+06 1.14316e+06 
664452 5.07895e+06 
4.64831e+06 8.73833e+06 
7.04988e+06 1.16833e+07 
1.01059e+07 1.39541e+07 
1.01105e+07 1.67137e+07 
3.83684e+06 1.11244e+07 
4.47333e+06 8.53132e+06 
-8.42187e+06 9.00654e+06 
-9.25164e+06 7.99826e+06 
-1.23374e+07 -8.02213e+06 
-1.54719e+07 -1.0134e+07 
-1.53163e+07 -9.88878e+06 
-1.25286e+07 -7.91843e+06 
-1.00079e+07 -5.60202e+06 
-6.66768e+06 -2.2577e+06 
-2.66277e+06 1.42794e+06 
715343 5.25374e+06 
5.12373e+06 8.77438e+06 
8.32411e+06 1.16975e+07 
8.35157e+06 1.23143e+07 
8.12956e+06 1.26209e+07 
6.11308e+06 1.09765e+07 
4.50156e+06 8.04477e+06 
-5.25894e+06 9.34896e+06 
-9.51121e+06 8.38925e+06 
-1.30164e+07 -4.422e+06 
-1.66721e+07 -1.04945e+07 
-1.56331e+07 -9.91858e+06 
-1.23239e+07 -7.98088e+06 
-9.736e+06 -5.40512e+06 
-6.69824e+06 -2.21992e+06 
-2.65258e+06 1.81005e+06 
1.4042e+06 5.81942e+06 
5.27067e+06 8.75438e+06 
7.5887e+06 1.03985e+07 
7.68249e+06 1.08401e+07 
6.43436e+06 1.09332e+07 
5.64113e+06 8.70877e+06 
4.52412e+06 8.56167e+06 
-4.31367e+06 7.63964e+06 
-8.2905e+06 7.77194e+06 
-1.12719e+07 -2.90445e+06 
-1.49103e+07 -2.91809e+06 
-1.44902e+07 -1.02745e+07 
-1.23249e+07 -8.03644e+06 
-9.03737e+06 -5.06322e+06 
-6.01952e+06 -2.05437e+06 
-2.63776e+06 1.86311e+06 
1.22917e+06 6.0948e+06 
4.66597e+06 7.97175e+06 
7.04357e+06 9.89662e+06 
6.12644e+06 1.49697e+07 
2.99947e+06 9.5197e+06 
3.71263e+06 8.60672e+06 
2.46709e+06 9.3688e+06 
-1.06364e+07 1.29781e+07 
-8.14368e+06 3.7892e+06 
-7.06192e+06 -603424 
-1.63494e+07 260681 
-1.54266e+07 -1.03957e+07 
-1.25986e+07 -7.88831e+06 
-8.98333e+06 -4.98129e+06 
-6.93013e+06 -2.66279e+06 
-3.64496e+06 1.4295e+06 
182324 4.99609e+06 
3.48348e+06 7.67313e+06 
6.56504e+06 1.1343e+07 
5.49086e+06 1.13985e+07 
2.87209e+06 9.0622e+06 
3.85883e+06 8.17435e+06 
-902879 1.4649e+07 
-3.20659e+06 7.14278e+06 
-3.78764e+06 3.79656e+06 
-3.04093e+06 2.53015e+06 
-1.53008e+07 358762 
-1.51268e+07 -8.67799e+06 
-1.28728e+07 -7.89202e+06 
-9.94257e+06 -5.91793e+06 
-7.20274e+06 -2.43654e+06 
-3.57263e+06 500310 
-870314 3.84628e+06 
1.57996e+06 6.88974e+06 
4.70856e+06 1.05288e+07 
1.88806e+06 9.80978e+06 
1.88553e+06 6.40818e+06 
3.09246e+06 6.01335e+06 
1.28732e+06 5.71269e+06 
1.72315e+06 4.16608e+06 
1.17986e+06 4.47464e+06 
-331671 4.86703e+06 
-9.8627e+06 2.84237e+06 
-1.57893e+07 -2.41106e+06 
-1.18165e+07 -8.84558e+06 
-1.01169e+07 -6.11062e+06 
-6.80038e+06 -2.41546e+06 
-2.87335e+06 402418 
-1.02026e+06 2.38096e+06 
970197 5.96742e+06 
3.50835e+06 9.56726e+06 
1.81161e+06 6.68152e+06 
1.84954e+06 5.90928e+06 
3.71952e+06 5.11671e+06 
2.64832e+06 5.92692e+06 
2.45546e+06 5.41178e+06 
3.61941e+06 5.45836e+06 
1.99335e+06 5.91342e+06 
-1.03563e+07 5.65508e+06 
-1.23854e+07 -3.61942e+06 
-1.18883e+07 -8.3621e+06 
-9.9655e+06 -6.2689e+06 
-6.70896e+06 -2.50599e+06 
-3.47201e+06 139624 
-1.46151e+06 1.5716e+06 
334982 4.97622e+06 
1.34437e+06 6.78642e+06 
1.66542e+06 3.85328e+06 
2.24165e+06 4.80972e+06 
3.56308e+06 5.4734e+06 
4.46908e+06 6.1689e+06 
4.79949e+06 7.76638e+06 
4.23773e+06 8.41231e+06 
2.92613e+06 7.144e+06 
-1.4261e+07 1.22941e+07 
-1.61732e+07 -8.87121e+06 
-1.4042e+07 -8.39064e+06 
-9.48255e+06 -4.72581e+06 
-6.54064e+06 -2.96453e+06 
-4.37684e+06 448471 
-5.9805e+06 638065 
-1.77613e+06 2.0894e+06 
573562 3.67618e+06 
1.08177e+06 3.51851e+06 
2.6351e+06 5.07268e+06 
3.79276e+06 6.71281e+06 
4.98267e+06 6.84544e+06 
5.70793e+06 9.10324e+06 
3.47431e+06 1.00922e+07 
3.12494e+06 8.38221e+06 
-1.66712e+07 1.44222e+07 
-2.08433e+07 4.89898e+06 
-1.48392e+07 -8.57903e+06 
-1.01351e+07 -3.13153e+06 
-1.16188e+07 -1.08525e+06 
-8.1804e+06 1.08573e+06 
-7.2505e+06 -460188 
-1.8148e+06 1.60707e+06 
382819 2.27596e+06 
1.03655e+06 3.30007e+06 
2.75202e+06 6.19598e+06 
4.73414e+06 6.79076e+06 
4.83348e+06 6.92148e+06 
5.67278e+06 9.12109e+06 
3.47521e+06 9.97236e+06 
3.70439e+06 9.57221e+06 
-1.60939e+07 1.05851e+07 
-1.60562e+07 -4.91192e+06 
-1.43968e+07 -9.06634e+06 
-1.05319e+07 -6.59739e+06 
-8.78464e+06 -3.75104e+06 
-5.96328e+06 -3.31859e+06 
-4.09034e+06 -304478 
-1.02258e+06 3.02755e+06 
632338 3.41744e+06 
1.64533e+06 3.92963e+06 
3.37988e+06 6.08592e+06 
5.18902e+06 7.10603e+06 
5.00555e+06 7.32647e+06 
5.00553e+06 8.01053e+06 
1.32075e+06 8.58694e+06 
-1.57956e+06 8.53198e+06 
-5.21197e+06 3.67433e+06 
-1.28352e+07 -1.49508e+06 
-1.39942e+07 -5.44442e+06 
-1.14760e+07 -6.38139e+06 
-8.48738e+06 -4.04841e+06 
-5.51544e+06 -2.69395e+06 
-3.60898e+06 -244208 
-938384 2.43720e+06 
1.02305e+06 4.07551e+06 
2.67298e+06 5.0507e+06 
3.61826e+06 5.82694e+06 
5.1983e+06 7.35997e+06 
5.84494e+06 7.685e+06 
5.13349e+06 7.07973e+06 
-3.00894e+06 8.57002e+06 
-3.75972e+06 8.34767e+06 
-5.23276e+06 -267703 
-1.42304e+07 -1.06537e+06 
-1.2678e+07 -4.97631e+06 
-1.14315e+07 -5.71151e+06 
-8.61179e+06 -3.56668e+06 
-5.51304e+06 -1.40581e+06 
-3.73114e+06 -744145 
-1.44479e+06 2.6454e+06 
2.09184e+06 4.63937e+06 
4.21649e+06 6.973e+06 
4.44936e+06 7.38122e+06 
5.66677e+06 7.40368e+06 
6.15236e+06 8.18526e+06 
-622887 8.07844e+06 
-5.7446e+06 7.47633e+06 
-5.86617e+06 4.70847e+06 
-7.78848e+06 -2.58226e+06 
-9.43031e+06 -2.60349e+06 
-9.13316e+06 -4.17623e+06 
-8.03408e+06 -3.99057e+06 
-8.29364e+06 -3.27376e+06 
-5.35901e+06 -319484 
-5.22079e+06 364211 
-1.54973e+06 2.70496e+06 
1.90088e+06 5.21306e+06 
5.17658e+06 8.55978e+06 
6.41082e+06 9.12683e+06 
5.86251e+06 8.20752e+06 
5.83565e+06 8.31608e+06 
-8.99342e+06 8.15733e+06 
-8.03382e+06 7.38956e+06 
-7.13787e+06 -4.32295e+06 
-8.89343e+06 -3.91278e+06 
-8.52e+06 -5.07117e+06 
-8.08368e+06 -3.6678e+06 
-6.83574e+06 -2.89759e+06 
-5.47598e+06 -2.49186e+06 
-4.60243e+06 -42829.5 
-2.54909e+06 2.94445e+06 
-619588 4.66699e+06 
2.4198e+06 7.07294e+06 
6.67163e+06 1.10995e+07 
7.80153e+06 1.1329e+07 
5.72395e+06 9.49333e+06 
4.18664e+06 1.05622e+07 
-1.02733e+07 1.1656e+07 
-9.46443e+06 -4.60513e+06 
-8.61471e+06 -5.42393e+06 
-9.96952e+06 -5.97951e+06 
-8.72928e+06 -4.86078e+06 
-9.92884e+06 -3.81126e+06 
-9.1144e+06 -2.92002e+06 
-5.69111e+06 -1.32879e+06 
-3.93018e+06 980429 
-534626 4.81443e+06 
1.83322e+06 6.90692e+06 
4.22862e+06 9.50379e+06 
9.25304e+06 1.54836e+07 
3.44857e+06 1.96144e+07 
424617 1.2198e+07 
313185 1.19181e+07 
-1.29189e+07 1.70265e+07 
-1.15322e+07 -7.50448e+06 
-1.14467e+07 -7.1547e+06 
-1.05934e+07 -7.41412e+06 
-1.01528e+07 -5.42573e+06 
-9.92145e+06 -4.72114e+06 
-9.12711e+06 -3.71263e+06 
-5.7042e+06 -1.11295e+06 
-2.22926e+06 1.7498e+06 
498536 4.96344e+06 
4.33742e+06 8.46703e+06 
6.11697e+06 1.2177e+07 
1.04855e+07 1.54762e+07 
3.46668e+06 1.99182e+07 
1.75128e+06 1.23247e+07 
1.57711e+06 6.52799e+06 
-1.21865e+07 6.68929e+06 
-1.23053e+07 -6.32233e+06 
-1.24264e+07 -9.05235e+06 
-1.16391e+07 -8.50679e+06 
-1.14794e+07 -7.77051e+06 
-1.03145e+07 -6.24118e+06 
-8.02354e+06 -3.31117e+06 
-5.75352e+06 -1.18364e+06 
-2.51614e+06 2.28577e+06 
1.27387e+06 5.20281e+06 
4.65249e+06 8.46241e+06 
8.11543e+06 1.21251e+07 
8.88282e+06 1.35936e+07 
8.63744e+06 1.43509e+07 
1.51024e+06 1.28584e+07 
-3.26205e+06 1.16559e+07 
-1.02512e+07 6.19264e+06 
-1.08773e+07 29208.7 
-1.18606e+07 -8.51986e+06 
-1.20494e+07 -9.43452e+06 
-1.17948e+07 -9.23435e+06 
-1.03631e+07 -6.13802e+06 
-8.30118e+06 -2.74849e+06 
-5.80747e+06 -1.00337e+06 
-2.43222e+06 2.73879e+06 
1.57704e+06 5.81528e+06 
4.75495e+06 8.33427e+06 
6.1105e+06 1.12187e+07 
8.78625e+06 1.21114e+07 
7.04146e+06 1.29476e+07 
4.32046e+06 1.16214e+07 
-2.49408e+06 1.18387e+07 
-4.26331e+06 6.0054e+06 
-8.87368e+06 24423.8 
-1.0345e+07 -5.19699e+06 
-1.22802e+07 -7.45136e+06 
-1.16826e+07 -9.1003e+06 
-1.03867e+07 -6.10768e+06 
-8.2566e+06 -3.099e+06 
-5.25581e+06 -556723 
-2.52808e+06 2.76509e+06 
1.15546e+06 6.05888e+06 
4.34087e+06 7.63025e+06 
5.90351e+06 9.79162e+06 
8.22e+06 1.15859e+07 
5.73838e+06 1.12073e+07 
4.66343e+06 1.01934e+07 
-818785 1.03081e+07 
-1.06914e+07 1.20464e+07 
-6.24911e+06 -589053 
-7.55747e+06 -567648 
-1.13775e+07 -2.96572e+06 
-1.13121e+07 -9.59350e+06 
-1.12569e+07 -6.78452e+06 
-8.70917e+06 -3.71181e+06 
-6.20924e+06 -1.19116e+06 
-3.21721e+06 1.24138e+06 
178554 4.58193e+06 
3.36437e+06 7.6175e+06 
6.73958e+06 1.08506e+07 
4.0968e+06 1.15882e+07 
2.85777e+06 1.00258e+07 
2.33217e+06 8.696e+06 
-185878 1.01903e+07 
-2.57184e+06 4.76795e+06 
-3.47466e+06 2.86777e+06 
-4.15764e+06 5.82337e+06 
-1.37734e+07 6.00596e+06 
-1.38112e+07 -1.04687e+07 
-1.19595e+07 -8.59286e+06 
-9.86935e+06 -5.71288e+06 
-6.18931e+06 -2.11232e+06 
-2.68803e+06 1.66779e+06 
-442971 3.40789e+06 
2.48465e+06 6.83936e+06 
6.06868e+06 1.0425e+07 
640770 1.45305e+07 
1.76438e+06 7.14953e+06 
766398 7.83619e+06 
767056 4.44895e+06 
928923 3.80665e+06 
2.06051e+06 4.19663e+06 
328181 6.04117e+06 
-1.35623e+07 6.31787e+06 
-1.36277e+07 -8.34314e+06 
-1.22508e+07 -9.78046e+06 
-1.0017e+07 -5.83039e+06 
-6.14771e+06 -1.77226e+06 
-2.50872e+06 1.6481e+06 
-330884 2.52656e+06 
1.69484e+06 6.2391e+06 
4.88296e+06 1.42819e+07 
717612 9.1381e+06 
1.76008e+06 4.00228e+06 
2.74866e+06 4.53277e+06 
2.36353e+06 4.89519e+06 
2.19413e+06 5.24237e+06 
3.30125e+06 5.37992e+06 
2.98125e+06 6.4553e+06 
-1.19519e+07 7.03507e+06 
-1.43022e+07 -8.24294e+06 
-1.37679e+07 -9.48498e+06 
-1.02983e+07 -5.86551e+06 
-6.38924e+06 -1.7771e+06 
-2.94092e+06 1.35996e+06 
-1.53229e+06 2.95154e+06 
-626243 5.65407e+06 
2.14927e+06 9.6051e+06 
2.07397e+06 4.35078e+06 
2.29482e+06 4.6246e+06 
2.65998e+06 4.93357e+06 
3.83241e+06 6.17021e+06 
4.15233e+06 7.90436e+06 
2.57963e+06 8.48036e+06 
3.07196e+06 6.72173e+06 
-1.18648e+07 1.02929e+07 
-1.74433e+07 -1.61845e+06 
-1.43414e+07 -9.1873e+06 
-1.01637e+07 -5.96679e+06 
-6.4831e+06 -2.16909e+06 
-3.26555e+06 1.44866e+06 
-2.78745e+06 3.47561e+06 
-1.24487e+06 2.6709e+06 
859154 3.99759e+06 
1.7319e+06 4.2338e+06 
2.78052e+06 5.10082e+06 
3.07005e+06 6.24819e+06 
4.436e+06 6.64181e+06 
6.04248e+06 9.48825e+06 
519296 1.14168e+07 
1.25355e+06 7.32991e+06 
-8.2579e+06 1.5009e+07 
-3.13909e+07 1.11878e+07 
-1.52104e+07 -8.92856e+06 
-1.01501e+07 -5.19342e+06 
-7.01516e+06 -2.96657e+06 
-4.80426e+06 -1.50012e+06 
-3.62193e+06 -397758 
-1.30201e+06 1.14874e+06 
189651 2.41441e+06 
1.44359e+06 3.69753e+06 
3.15291e+06 6.15694e+06 
4.69674e+06 6.9517e+06 
4.80814e+06 7.03502e+06 
5.48712e+06 9.30711e+06 
825810 1.08209e+07 
211423 7.43516e+06 
-5.29838e+06 7.79942e+06 
-1.60325e+07 -694915 
-1.47565e+07 -8.03646e+06 
-1.03413e+07 -6.14208e+06 
-7.96963e+06 -4.09426e+06 
-5.43883e+06 -2.13896e+06 
-3.4519e+06 -219964 
-660382 2.34886e+06 
567322 2.7966e+06 
2.24749e+06 4.66559e+06 
3.7344e+06 6.22669e+06 
4.74727e+06 7.07792e+06 
3.60178e+06 6.7496e+06 
1.68214e+06 7.00259e+06 
-2.3204e+06 6.71661e+06 
-3.6679e+06 1.53296e+06 
-3.106e+06 93861.7 
-7.51386e+06 -1.26874e+06 
-1.05645e+07 -2.26914e+06 
-9.12293e+06 -4.1697e+06 
-7.07131e+06 -3.55997e+06 
-4.31464e+06 -1.74267e+06 
-2.92796e+06 -52634.3 
-681362 2.02564e+06 
1.19695e+06 3.19471e+06 
2.97971e+06 5.59939e+06 
3.89565e+06 6.26804e+06 
5.49426e+06 7.26394e+06 
3.48507e+06 7.29024e+06 
-390292 6.93442e+06 
-4.85485e+06 6.51626e+06 
-4.7503e+06 1.24676e+06 
-3.5662e+06 -1.62812e+06 
-5.54491e+06 -2.07544e+06 
-9.93467e+06 -2.32483e+06 
-9.4474e+06 -4.62422e+06 
-7.06982e+06 -2.9481e+06 
-4.17257e+06 -883988 
-2.99402e+06 134707 
-1.47749e+06 2.5381e+06 
1.72573e+06 4.30366e+06 
4.13357e+06 6.98476e+06 
4.58822e+06 7.78443e+06 
5.94185e+06 7.87487e+06 
3.02131e+06 7.71756e+06 
-4.85661e+06 7.662e+06 
-5.6772e+06 7.09551e+06 
-5.91116e+06 -2.9508e+06 
-5.39332e+06 -2.5402e+06 
-7.37258e+06 -2.52687e+06 
-8.17034e+06 -2.68202e+06 
-8.31878e+06 -3.54512e+06 
-5.63183e+06 -1.91024e+06 
-3.50872e+06 -508196 
-2.75735e+06 702358 
-1.47211e+06 3.00126e+06 
2.02465e+06 5.3011e+06 
5.15537e+06 8.28802e+06 
6.83034e+06 8.8848e+06 
5.45293e+06 8.89515e+06 
2.58148e+06 7.62839e+06 
-7.18556e+06 6.25022e+06 
-7.69025e+06 -2.49554e+06 
-7.39455e+06 -4.78968e+06 
-6.97459e+06 -3.85001e+06 
-6.82081e+06 -3.6233e+06 
-5.63711e+06 -2.28682e+06 
-4.80554e+06 -1.93504e+06 
-4.41011e+06 -995285 
-4.41067e+06 -530697 
-1.89076e+06 1.68425e+06 
-655357 4.91886e+06 
2.62386e+06 6.82001e+06 
6.46914e+06 1.1524e+07 
6.93458e+06 1.16344e+07 
4.86824e+06 8.64082e+06 
-319273 7.16814e+06 
-8.55915e+06 5.85668e+06 
-1.00089e+07 -5.91102e+06 
-9.16243e+06 -5.95707e+06 
-8.3563e+06 -5.4575e+06 
-7.31189e+06 -3.66767e+06 
-5.61209e+06 -2.05527e+06 
-6.06868e+06 -1.17721e+06 
-4.39613e+06 1.77759e+06 
-3.94987e+06 2.26806e+06 
-1.31408e+06 3.9961e+06 
1.5909e+06 5.99758e+06 
4.88762e+06 9.21346e+06 
9.27897e+06 1.57818e+07 
3.26191e+06 1.96105e+07 
2.55922e+06 1.58568e+07 
-3.95103e+06 7.19519e+06 
-1.00519e+07 3.36164e+06 
-1.13958e+07 -5.95308e+06 
-1.1382e+07 -7.68363e+06 
-9.98721e+06 -6.49012e+06 
-8.37305e+06 -5.35127e+06 
-7.62154e+06 -3.6763e+06 
-6.09742e+06 -1.18345e+06 
-4.38662e+06 1.78573e+06 
-1.53997e+06 2.7419e+06 
-53438.7 4.88797e+06 
2.7407e+06 7.99144e+06 
6.00527e+06 1.18998e+07 
1.0717e+07 1.55463e+07 
2.8539e+06 2.42926e+07 
-501811 1.93922e+07 
-5.69818e+06 5.88426e+06 
-1.30124e+07 6.57871e+06 
-1.35842e+07 -4.65421e+06 
-1.34859e+07 -9.61427e+06 
-1.05095e+07 -7.60854e+06 
-1.00531e+07 -6.67876e+06 
-9.15397e+06 -4.57153e+06 
-6.26502e+06 -1.92888e+06 
-3.58976e+06 775094 
-1.13582e+06 2.58063e+06 
1.89509e+06 4.86164e+06 
3.60394e+06 8.11544e+06 
6.86007e+06 1.23037e+07 
6.88076e+06 1.56644e+07 
6.79842e+06 1.53319e+07 
-3.75017e+06 1.78073e+07 
-3.51301e+06 4.55903e+06 
-1.1901e+07 3.54623e+06 
-1.34172e+07 -2.03781e+06 
-1.34166e+07 -7.91596e+06 
-1.36746e+07 -8.8949e+06 
-1.2818e+07 -8.23029e+06 
-9.64945e+06 -5.36614e+06 
-6.30911e+06 -1.93195e+06 
-3.17354e+06 1.62921e+06 
-1.10929e+06 3.71856e+06 
2.15506e+06 5.33947e+06 
4.09024e+06 8.17645e+06 
6.10477e+06 1.40363e+07 
6.92708e+06 1.35399e+07 
7.03872e+06 1.29366e+07 
804033 1.59982e+07 
-1.84466e+06 8.60387e+06 
-7.54693e+06 2.06703e+06 
-9.60684e+06 -1.61906e+06 
-9.24921e+06 -4.47444e+06 
-1.44845e+07 -7.33448e+06 
-1.2879e+07 -8.91685e+06 
-9.74331e+06 -5.33158e+06 
-6.66154e+06 -2.02977e+06 
-3.54582e+06 1.95752e+06 
-983230 4.53747e+06 
1.17489e+06 5.65956e+06 
2.20724e+06 8.05315e+06 
5.80277e+06 1.33287e+07 
7.32246e+06 1.15369e+07 
7.17483e+06 1.28868e+07 
-1.87789e+06 1.29126e+07 
-4.59798e+06 6.71053e+06 
-2.95616e+06 1.74405e+06 
-4.86515e+06 992796 
-8.71048e+06 1.05294e+06 
-1.23128e+07 -4.34161e+06 
-1.17787e+07 -9.10201e+06 
-1.09222e+07 -6.16401e+06 
-8.71171e+06 -3.22754e+06 
-5.60916e+06 -196112 
-1.95725e+06 2.22864e+06 
1.00691e+06 4.39576e+06 
3.44562e+06 7.64990e+06 
6.13759e+06 1.17398e+07 
5.94465e+06 1.1069e+07 
5.64087e+06 1.08108e+07 
1.49032e+06 1.03169e+07 
-1.48775e+06 5.38896e+06 
-2.71358e+06 2.25441e+06 
-1.72655e+06 3.59767e+06 
-5.31016e+06 7.61398e+06 
-1.61529e+07 9.31818e+06 
-1.60739e+07 -1.06398e+07 
-1.33425e+07 -8.72333e+06 
-1.02235e+07 -5.49449e+06 
-6.06513e+06 -1.44582e+06 
-2.0533e+06 2.59671e+06 
1.37628e+06 3.99188e+06 
2.43511e+06 6.5914e+06 
4.60839e+06 9.50043e+06 
4.02678e+06 8.49914e+06 
2.98679e+06 8.5001e+06 
3.23098e+06 8.8111e+06 
555500 5.43296e+06 
569470 3.24643e+06 
1.66401e+06 4.09286e+06 
2.4307e+06 7.04017e+06 
-1.70933e+07 7.8113e+06 
-1.73113e+07 -1.16975e+07 
-1.38623e+07 -9.82164e+06 
-1.03178e+07 -5.74952e+06 
-6.03074e+06 -1.46198e+06 
-2.03975e+06 2.27542e+06 
1.05730e+06 4.41236e+06 
976037 6.01164e+06 
2.24833e+06 8.49215e+06 
3.65615e+06 6.73819e+06 
2.63447e+06 6.78205e+06 
2.7556e+06 5.25864e+06 
2.09436e+06 5.09114e+06 
1.70843e+06 4.72936e+06 
2.65707e+06 4.55013e+06 
3.78433e+06 6.25737e+06 
-1.32013e+07 6.86247e+06 
-1.62666e+07 -8.1959e+06 
-1.36065e+07 -9.0429e+06 
-1.03802e+07 -5.05285e+06 
-6.15679e+06 -787728 
-2.03519e+06 1.40034e+06 
-1.69462e+06 3.40958e+06 
-861676 4.94064e+06 
2.03645e+06 6.7477e+06 
2.50532e+06 5.2504e+06 
2.76172e+06 4.67718e+06 
2.76029e+06 5.2018e+06 
3.77829e+06 6.27184e+06 
2.06407e+06 7.6175e+06 
1.92156e+06 7.3442e+06 
579308 6.39042e+06 
-1.13525e+07 8.41788e+06 
-1.57056e+07 -1.3344e+06 
-1.34472e+07 -6.66926e+06 
-1.02617e+07 -4.51876e+06 
-6.20928e+06 -694141 
-3.15095e+06 1.05637e+06 
-2.31824e+06 1.52975e+06 
-1.20585e+06 2.2601e+06 
1.09493e+06 4.7023e+06 
2.31138e+06 4.99038e+06 
3.44023e+06 5.19999e+06 
3.44216e+06 6.03986e+06 
4.12189e+06 6.5351e+06 
1.89187e+06 9.57282e+06 
139300 1.19807e+07 
-1.12344e+06 5.76251e+06 
-2.19628e+06 5.93869e+06 
-1.24461e+07 -384175 
-1.22719e+07 -5.84024e+06 
-9.21124e+06 -4.37159e+06 
-6.10756e+06 -2.90952e+06 
-4.15594e+06 -1.78337e+06 
-2.49595e+06 -392175 
-1.41006e+06 1.46537e+06 
515191 3.47786e+06 
2.09356e+06 4.20542e+06 
3.59369e+06 6.12278e+06 
4.73407e+06 6.78597e+06 
4.0809e+06 6.61134e+06 
1.53055e+06 7.79168e+06 
-1.36025e+06 7.70661e+06 
-2.30345e+06 2.27475e+06 
-2.27618e+06 1.11613e+06 
-1.08482e+07 -363277 
-1.14961e+07 -3.17396e+06 
-9.30968e+06 -4.15622e+06 
-6.25387e+06 -3.83003e+06 
-4.52544e+06 -2.11499e+06 
-2.76938e+06 -255011 
-662098 1.79458e+06 
867685 3.55245e+06 
